Age,Conference,Date,Draft Year,Height,Player,Position,Season,Season short,Seasons in league,Team,Weight,Real_value
29,,4/14/1985,1978,5-Jun,Micheal Ray Richardson,PG,1984-1985,1985,6,New Jersey Nets,189,1
23,,4/7/1985,1982,6-Jun,Derek Smith,SG,1984-1985,1985,2,Los Angeles Clippers,205,1
28,,4/1/1985,1979,6-Jun,Calvin Natt,F,1984-1985,1985,5,Denver Nuggets,220,1
37,,3/24/1985,1969,2-Jul,Kareem Abdul-Jabbar,C,1984-1985,1985,15,Los Angeles Lakers,225,1
28,,3/17/1985,1978,9-Jun,Larry Bird,SF,1984-1985,1985,5,Boston Celtics,220,1
26,,3/10/1985,1980,4-Jun,Darrell Griffith,SG,1984-1985,1985,4,Utah Jazz,190,1
24,,3/3/1985,1982,3-Jun,Sleepy Floyd,PG,1984-1985,1985,2,Golden State Warriors,170,1
25,,2/24/1985,1981,6-Jun,Mark Aguirre,SF,1984-1985,1985,3,Dallas Mavericks,232,1
25,,2/17/1985,1979,9-Jun,Magic Johnson,PG,1984-1985,1985,5,Los Angeles Lakers,255,1
25,,2/3/1985,1982,7-Jun,Dominique Wilkins,SF,1984-1985,1985,2,Atlanta Hawks,200,1
32,,1/27/1985,1974,11-Jun,Tom McMillen,PF,1984-1985,1985,9,Washington Bullets,215,1
22,,1/20/1985,1984,6-Jun,Michael Jordan,SG,1984-1985,1985,0,Chicago Bulls,215,1
31,,1/13/1985,1975,2-Jun,World B. Free,G,1984-1985,1985,9,Cleveland Cavaliers,185,1
23,,1/6/1985,1981,1-Jun,Isiah Thomas,PG,1984-1985,1985,3,Detroit Pistons,180,1
29,,12/30/1984,1978,5-Jun,Micheal Ray Richardson,PG,1984-1985,1985,6,New Jersey Nets,189,1
23,,12/23/1984,1982,9-Jun,Terry Cummings,PF,1984-1985,1985,2,Milwaukee Bucks,220,1
23,,12/16/1984,1982,6-Jun,Derek Smith,SG,1984-1985,1985,2,Los Angeles Clippers,205,1
25,,12/9/1984,1981,9-Jun,Orlando Woolridge,PF,1984-1985,1985,3,Chicago Bulls,215,1
29,,12/2/1984,1977,11-Jun,Jack Sikma,C,1984-1985,1985,7,Seattle SuperSonics,230,1
28,,11/25/1984,1977,7-Jun,Bernard King,SF,1984-1985,1985,7,New York Knicks,205,1
29,,11/18/1984,1976,10-Jun,Moses Malone,C,1984-1985,1985,8,Philadelphia Sixers,215,1
31,,11/11/1984,1976,7-Jun,Alex English,SF,1984-1985,1985,8,Denver Nuggets,190,1
26,,11/4/1984,1981,10-Jun,Larry Nance,PF,1984-1985,1985,3,Phoenix Suns,205,1
26,,4/13/1986,1982,7-Jun,Dominique Wilkins,SF,1985-1986,1986,3,Atlanta Hawks,200,1
28,,4/6/1986,1981,10-Jun,Herb Williams,C,1985-1986,1986,4,Indiana Pacers,242,1
23,,3/30/1986,1984,6-Jun,Charles Barkley,PF,1985-1986,1986,1,Philadelphia Sixers,252,1
30,,3/23/1986,1976,5-Jun,Adrian Dantley,SF,1985-1986,1986,9,Utah Jazz,208,1
29,,3/16/1986,1978,9-Jun,Larry Bird,SF,1985-1986,1986,6,Boston Celtics,220,1
26,,3/9/1986,1979,9-Jun,Magic Johnson,PG,1985-1986,1986,6,Los Angeles Lakers,255,1
23,,3/2/1986,1984,6-Jun,Charles Barkley,PF,1985-1986,1986,1,Philadelphia Sixers,252,1
28,,2/23/1986,1979,3-Jun,Sidney Moncrief,SG,1985-1986,1986,6,Milwaukee Bucks,180,1
29,,2/16/1986,1978,9-Jun,Larry Bird,SF,1985-1986,1986,6,Boston Celtics,220,1
32,,2/2/1986,1976,7-Jun,Alex English,SF,1985-1986,1986,9,Denver Nuggets,190,1
23,,1/26/1986,1984,6-Jun,Charles Barkley,PF,1985-1986,1986,1,Philadelphia Sixers,252,1
29,,1/19/1986,1978,9-Jun,Larry Bird,SF,1985-1986,1986,6,Boston Celtics,220,1
29,,1/12/1986,1979,6-Jun,Calvin Natt,F,1985-1986,1986,6,Denver Nuggets,220,1
23,,1/5/1986,1983,7-Jun,Clyde Drexler,SG,1985-1986,1986,2,Portland Trail Blazers,210,1
26,,12/29/1985,1982,7-Jun,Dominique Wilkins,SF,1985-1986,1986,3,Atlanta Hawks,200,1
27,,12/22/1985,1981,10-Jun,Larry Nance,PF,1985-1986,1986,4,Phoenix Suns,205,1
23,,12/15/1985,1984,3-Jun,Alvin Robertson,SG,1985-1986,1986,1,San Antonio Spurs,185,1
27,,12/8/1985,1980,10-Jun,Jeff Ruland,C,1985-1986,1986,4,Washington Bullets,240,1
29,,12/1/1985,1978,9-Jun,Larry Bird,SF,1985-1986,1986,6,Boston Celtics,220,1
32,,11/24/1985,1976,7-Jun,Alex English,SF,1985-1986,1986,9,Denver Nuggets,190,1
23,,11/17/1985,1985,Jul-00,Patrick Ewing,C,1985-1986,1986,0,New York Knicks,240,1
25,,11/10/1985,1981,8-Jun,Buck Williams,PF,1985-1986,1986,4,New Jersey Nets,215,1
24,,11/3/1985,1982,6-Jun,Derek Smith,SG,1985-1986,1986,3,Los Angeles Clippers,205,1
37,,4/19/1987,1972,6-Jun,Julius Erving,SF,1986-1987,1987,14,Philadelphia Sixers,200,1
24,,4/12/1987,1984,6-Jun,Michael Jordan,SG,1986-1987,1987,2,Chicago Bulls,215,1
27,,4/5/1987,1979,9-Jun,Magic Johnson,PG,1986-1987,1987,7,Los Angeles Lakers,255,1
29,,3/29/1987,1980,8-Jun,Larry Smith,PF,1986-1987,1987,6,Golden State Warriors,215,1
27,,3/22/1987,1979,9-Jun,Magic Johnson,PG,1986-1987,1987,7,Los Angeles Lakers,255,1
23,,3/15/1987,1985,9-Jun,Karl Malone,PF,1986-1987,1987,1,Utah Jazz,265,1
27,,3/8/1987,1979,9-Jun,Magic Johnson,PG,1986-1987,1987,7,Los Angeles Lakers,255,1
24,,3/1/1987,1984,6-Jun,Michael Jordan,SG,1986-1987,1987,2,Chicago Bulls,215,1
31,,2/22/1987,1976,10-Jun,Moses Malone,C,1986-1987,1987,10,Washington Bullets,215,1
27,,2/15/1987,1979,9-Jun,Magic Johnson,PG,1986-1987,1987,7,Los Angeles Lakers,255,1
26,,2/1/1987,1982,3-Jun,Fat Lever,PG,1986-1987,1987,4,Denver Nuggets,170,1
33,,1/25/1987,1976,7-Jun,Alex English,SF,1986-1987,1987,10,Denver Nuggets,190,1
24,,1/18/1987,1984,9-Jun,Otis Thorpe,PF,1986-1987,1987,2,Sacramento Kings,225,1
25,,1/11/1987,1981,1-Jun,Isiah Thomas,PG,1986-1987,1987,5,Detroit Pistons,180,1
30,,1/4/1987,1978,9-Jun,Larry Bird,SF,1986-1987,1987,7,Boston Celtics,220,1
24,,12/28/1986,1985,Jul-00,Patrick Ewing,C,1986-1987,1987,1,New York Knicks,240,1
27,,12/21/1986,1979,9-Jun,Magic Johnson,PG,1986-1987,1987,7,Los Angeles Lakers,255,1
27,,12/14/1986,1982,7-Jun,Dominique Wilkins,SF,1986-1987,1987,4,Atlanta Hawks,200,1
27,,12/7/1986,1981,10-Jun,Tom Chambers,PF,1986-1987,1987,5,Seattle SuperSonics,220,1
24,,11/30/1986,1985,11-Jun,Hot Rod Williams,FC,1986-1987,1987,0,Cleveland Cavaliers,215,1
24,,11/23/1986,1984,3-Jun,Alvin Robertson,SG,1986-1987,1987,2,San Antonio Spurs,185,1
33,,11/16/1986,1976,Jul-00,Robert Parish,C,1986-1987,1987,9,Boston Celtics,230,1
24,,11/9/1986,1984,6-Jun,Michael Jordan,SG,1986-1987,1987,2,Chicago Bulls,215,1
24,,4/24/1988,1985,9-Jun,Karl Malone,PF,1987-1988,1988,2,Utah Jazz,265,1
27,,4/17/1988,1982,3-Jun,Fat Lever,PG,1987-1988,1988,5,Denver Nuggets,170,1
24,,4/10/1988,1986,7-Jun,Harold Pressley,GF,1987-1988,1988,1,Sacramento Kings,210,1
25,,4/3/1988,1984,6-Jun,Michael Jordan,SG,1987-1988,1988,3,Chicago Bulls,215,1
25,,3/27/1988,1984,6-Jun,Michael Jordan,SG,1987-1988,1988,3,Chicago Bulls,215,1
25,,3/20/1988,1984,6-Jun,Charles Barkley,PF,1987-1988,1988,3,Philadelphia Sixers,252,1
25,,3/13/1988,1983,7-Jun,Clyde Drexler,SG,1987-1988,1988,4,Portland Trail Blazers,210,1
27,,3/6/1988,1983,6-Jun,Bobby Hansen,SG,1987-1988,1988,4,Utah Jazz,190,1
23,,2/28/1988,1986,11-Jun,Roy Tarpley,PF,1987-1988,1988,1,Dallas Mavericks,230,1
25,,2/21/1988,1984,1-Jun,John Stockton,PG,1987-1988,1988,3,Utah Jazz,170,1
28,,2/14/1988,1982,7-Jun,Dominique Wilkins,SF,1987-1988,1988,5,Atlanta Hawks,200,1
31,,1/31/1988,1977,7-Jun,Bernard King,SF,1987-1988,1988,10,Washington Bullets,205,1
25,,1/24/1988,1984,6-Jun,Michael Jordan,SG,1987-1988,1988,3,Chicago Bulls,215,1
28,,1/17/1988,1982,7-Jun,Dominique Wilkins,SF,1987-1988,1988,5,Atlanta Hawks,200,1
26,,1/10/1988,1983,3-Jun,Byron Scott,SG,1987-1988,1988,4,Los Angeles Lakers,195,1
24,,1/3/1988,1985,9-Jun,Karl Malone,PF,1987-1988,1988,2,Utah Jazz,265,1
28,,12/27/1987,1982,7-Jun,Dominique Wilkins,SF,1987-1988,1988,5,Atlanta Hawks,200,1
29,,12/20/1987,1981,10-Jun,Larry Nance,PF,1987-1988,1988,6,Phoenix Suns,205,1
28,,12/13/1987,1979,9-Jun,Magic Johnson,PG,1987-1988,1988,8,Los Angeles Lakers,255,1
25,,12/6/1987,1983,7-Jun,Clyde Drexler,SG,1987-1988,1988,4,Portland Trail Blazers,210,1
25,,11/29/1987,1983,7-Jun,Clyde Drexler,SG,1987-1988,1988,4,Portland Trail Blazers,210,1
24,,11/22/1987,1985,7-Jun,Xavier McDaniel,PF,1987-1988,1988,2,Seattle SuperSonics,205,1
31,,11/15/1987,1978,9-Jun,Larry Bird,SF,1987-1988,1988,8,Boston Celtics,220,1
25,,4/23/1989,1985,7-Jun,Xavier McDaniel,PF,1988-1989,1989,3,Seattle SuperSonics,205,1
25,,4/16/1989,1985,9-Jun,Karl Malone,PF,1988-1989,1989,3,Utah Jazz,265,1
26,,4/9/1989,1983,7-Jun,Clyde Drexler,SG,1988-1989,1989,5,Portland Trail Blazers,210,1
26,,4/2/1989,1984,6-Jun,Michael Jordan,SG,1988-1989,1989,4,Chicago Bulls,215,1
26,,3/26/1989,1984,6-Jun,Michael Jordan,SG,1988-1989,1989,4,Chicago Bulls,215,1
22,,3/19/1989,1987,1-Jun,Kevin Johnson,PG,1988-1989,1989,1,Phoenix Suns,180,1
27,,3/12/1989,1981,1-Jun,Isiah Thomas,PG,1988-1989,1989,7,Detroit Pistons,180,1
24,,3/5/1989,1986,8-Jun,Chuck Person,SF,1988-1989,1989,2,Indiana Pacers,220,1
26,,2/26/1989,1985,Jul-00,Patrick Ewing,C,1988-1989,1989,3,New York Knicks,240,1
26,,2/19/1989,1984,Jul-00,Hakeem Olajuwon,C,1988-1989,1989,4,Houston Rockets,255,1
25,,2/5/1989,1986,6-Jun,Ron Harper,SG,1988-1989,1989,2,Cleveland Cavaliers,185,1
29,,1/29/1989,1981,10-Jun,Tom Chambers,PF,1988-1989,1989,7,Phoenix Suns,220,1
25,,1/22/1989,1985,7-Jun,Chris Mullin,SF,1988-1989,1989,3,Golden State Warriors,215,1
26,,1/15/1989,1984,6-Jun,Michael Jordan,SG,1988-1989,1989,4,Chicago Bulls,215,1
28,,1/8/1989,1983,7-Jun,Dale Ellis,GF,1988-1989,1989,5,Seattle SuperSonics,205,1
29,,1/1/1989,1979,9-Jun,Magic Johnson,PG,1988-1989,1989,9,Los Angeles Lakers,255,1
26,,12/25/1988,1983,7-Jun,Clyde Drexler,SG,1988-1989,1989,5,Portland Trail Blazers,210,1
35,,12/18/1988,1976,Jul-00,Robert Parish,C,1988-1989,1989,11,Boston Celtics,230,1
26,,12/11/1988,1985,10-May,Michael Adams,PG,1988-1989,1989,3,Denver Nuggets,163,1
29,,12/4/1988,1979,9-Jun,Magic Johnson,PG,1988-1989,1989,9,Los Angeles Lakers,255,1
26,,11/27/1988,1985,Jul-00,Patrick Ewing,C,1988-1989,1989,3,New York Knicks,240,1
26,,11/20/1988,1984,6-Jun,Michael Jordan,SG,1988-1989,1989,4,Chicago Bulls,215,1
26,,11/13/1988,1984,Jul-00,Hakeem Olajuwon,C,1988-1989,1989,4,Houston Rockets,255,1
24,,4/22/1990,1987,1-Jul,David Robinson,C,1989-1990,1990,0,San Antonio Spurs,250,1
30,,4/15/1990,1979,9-Jun,Magic Johnson,PG,1989-1990,1990,10,Los Angeles Lakers,255,1
27,,4/8/1990,1984,6-Jun,Charles Barkley,PF,1989-1990,1990,5,Philadelphia Sixers,252,1
27,,4/1/1990,1984,6-Jun,Michael Jordan,SG,1989-1990,1990,5,Chicago Bulls,215,1
24,,3/25/1990,1987,1-Jul,David Robinson,C,1989-1990,1990,0,San Antonio Spurs,250,1
23,,3/18/1990,1987,1-Jun,Kevin Johnson,PG,1989-1990,1990,2,Phoenix Suns,180,1
24,,3/11/1990,1988,11-Jun,Rony Seikaly,C,1989-1990,1990,1,Miami Heat,230,1
27,,3/4/1990,1984,Jul-00,Hakeem Olajuwon,C,1989-1990,1990,5,Houston Rockets,255,1
24,,2/25/1990,1987,1-Jul,David Robinson,C,1989-1990,1990,0,San Antonio Spurs,250,1
30,,2/18/1990,1981,10-Jun,Tom Chambers,PF,1989-1990,1990,8,Phoenix Suns,220,1
23,,2/4/1990,1989,Jun-00,Tim Hardaway,PG,1989-1990,1990,0,Golden State Warriors,175,1
26,,1/28/1990,1985,9-Jun,Karl Malone,PF,1989-1990,1990,4,Utah Jazz,265,1
27,,1/21/1990,1984,3-Jun,Alvin Robertson,SG,1989-1990,1990,5,Milwaukee Bucks,185,1
26,,1/14/1990,1986,6-Jun,Ron Harper,SG,1989-1990,1990,3,Los Angeles Clippers,185,1
29,,1/7/1990,1982,5-Jun,Terry Teagle,SG,1989-1990,1990,7,Golden State Warriors,195,1
26,,12/30/1989,1985,9-Jun,Karl Malone,PF,1989-1990,1990,4,Utah Jazz,265,1
28,,12/24/1989,1982,9-Jun,Terry Cummings,PF,1989-1990,1990,7,San Antonio Spurs,220,1
26,,12/17/1989,1985,7-Jun,Chris Mullin,SF,1989-1990,1990,4,Golden State Warriors,215,1
27,,12/10/1989,1984,6-Jun,Michael Jordan,SG,1989-1990,1990,5,Chicago Bulls,215,1
27,,12/3/1989,1985,Jul-00,Patrick Ewing,C,1989-1990,1990,4,New York Knicks,240,1
27,,11/26/1989,1983,7-Jun,Clyde Drexler,SG,1989-1990,1990,6,Portland Trail Blazers,210,1
27,,11/19/1989,1984,1-Jun,John Stockton,PG,1989-1990,1990,5,Utah Jazz,170,1
28,,11/12/1989,1984,5-Jun,Vern Fleming,G,1989-1990,1990,5,Indiana Pacers,185,1
26,,4/21/1991,1986,1-Jun,Scott Skiles,PG,1990-1991,1991,4,Orlando Magic,180,1
28,,4/14/1991,1983,7-Jun,Clyde Drexler,SG,1990-1991,1991,7,Portland Trail Blazers,210,1
31,,4/7/1991,1979,9-Jun,Magic Johnson,PG,1990-1991,1991,11,Los Angeles Lakers,255,1
28,,3/31/1991,1983,7-Jun,Clyde Drexler,SG,1990-1991,1991,7,Portland Trail Blazers,210,1
25,,3/24/1991,1988,5-Jun,Mitch Richmond,SG,1990-1991,1991,2,Golden State Warriors,215,1
25,,3/17/1991,1987,3-Jun,Kenny Smith,PG,1990-1991,1991,3,Houston Rockets,170,1
22,,3/10/1991,1990,8-Jun,Dennis Scott,SF,1990-1991,1991,0,Orlando Magic,229,1
27,,3/3/1991,1985,6-Jun,Gerald Wilkins,SG,1990-1991,1991,5,New York Knicks,185,1
25,,2/24/1991,1987,7-Jun,Reggie Miller,SG,1990-1991,1991,3,Indiana Pacers,185,1
22,,2/17/1991,1990,7-Jun,Lionel Simmons,SF,1990-1991,1991,0,Sacramento Kings,210,1
28,,2/3/1991,1984,9-Jun,Otis Thorpe,PF,1990-1991,1991,6,Houston Rockets,225,1
28,,1/27/1991,1985,10-May,Michael Adams,PG,1990-1991,1991,5,Denver Nuggets,163,1
24,,1/20/1991,1989,Jun-00,Tim Hardaway,PG,1990-1991,1991,1,Golden State Warriors,175,1
34,,1/13/1991,1977,7-Jun,Bernard King,SF,1990-1991,1991,13,Washington Bullets,205,1
31,,1/6/1991,1982,7-Jun,Dominique Wilkins,SF,1990-1991,1991,8,Atlanta Hawks,200,1
31,,12/30/1990,1982,4-Jun,Ricky Pierce,SG,1990-1991,1991,8,Milwaukee Bucks,205,1
28,,12/23/1990,1984,6-Jun,Michael Jordan,SG,1990-1991,1991,6,Chicago Bulls,215,1
24,,12/16/1990,1987,1-Jun,Kevin Johnson,PG,1990-1991,1991,3,Phoenix Suns,180,1
28,,12/9/1990,1984,1-Jun,John Stockton,PG,1990-1991,1991,6,Utah Jazz,170,1
28,,12/2/1990,1984,6-Jun,Michael Jordan,SG,1990-1991,1991,6,Chicago Bulls,215,1
28,,11/25/1990,1984,6-Jun,Charles Barkley,PF,1990-1991,1991,6,Philadelphia Sixers,252,1
28,,11/18/1990,1983,7-Jun,Clyde Drexler,SG,1990-1991,1991,7,Portland Trail Blazers,210,1
27,,11/11/1990,1985,7-Jun,Chris Mullin,SF,1990-1991,1991,5,Golden State Warriors,215,1
28,,4/19/1992,1985,9-Jun,Karl Malone,PF,1991-1992,1992,6,Utah Jazz,265,1
26,,4/12/1992,1987,7-Jun,Reggie Lewis,SF,1991-1992,1992,4,Boston Celtics,195,1
24,,4/5/1992,1989,1-Jun,Mookie Blaylock,PG,1991-1992,1992,2,New Jersey Nets,190,1
26,,3/29/1992,1987,1-Jun,Mark Jackson,PG,1991-1992,1992,4,New York Knicks,180,1
22,,3/22/1992,1991,6-Jun,Larry Johnson,F,1991-1992,1992,0,Charlotte Hornets,250,1
28,,3/15/1992,1985,3-Jun,Joe Dumars,SG,1991-1992,1992,6,Detroit Pistons,190,1
28,,3/8/1992,1985,9-Jun,Karl Malone,PF,1991-1992,1992,6,Utah Jazz,265,1
25,,3/1/1992,1988,10-Jun,Danny Manning,F,1991-1992,1992,3,Los Angeles Clippers,230,1
25,,2/23/1992,1989,Jun-00,Tim Hardaway,PG,1991-1992,1992,2,Golden State Warriors,175,1
29,,2/16/1992,1984,1-Jun,John Stockton,PG,1991-1992,1992,7,Utah Jazz,170,1
33,,2/2/1992,1981,10-Jun,Larry Nance,PF,1991-1992,1992,10,Cleveland Cavaliers,205,1
24,,1/26/1992,1989,6-Jun,Nick Anderson,GF,1991-1992,1992,2,Orlando Magic,228,1
25,,1/19/1992,1989,Jun-00,Tim Hardaway,PG,1991-1992,1992,2,Golden State Warriors,175,1
29,,1/12/1992,1984,6-Jun,Michael Jordan,SG,1991-1992,1992,7,Chicago Bulls,215,1
29,,1/5/1992,1985,Jul-00,Patrick Ewing,C,1991-1992,1992,6,New York Knicks,240,1
26,,12/29/1991,1987,8-Jun,Scottie Pippen,SF,1991-1992,1992,4,Chicago Bulls,228,1
24,,12/22/1991,1989,9-Jun,Pervis Ellison,C,1991-1992,1992,2,Washington Bullets,210,1
30,,12/15/1991,1986,7-Jun,Dennis Rodman,PF,1991-1992,1992,5,Detroit Pistons,210,1
30,,12/8/1991,1983,4-Jun,Jeff Malone,SG,1991-1992,1992,8,Utah Jazz,205,1
26,,12/1/1991,1987,1-Jul,David Robinson,C,1991-1992,1992,2,San Antonio Spurs,250,1
29,,11/24/1991,1984,Jul-00,Kevin Willis,C,1991-1992,1992,7,Atlanta Hawks,245,1
26,,11/17/1991,1986,Jul-00,Brad Daugherty,C,1991-1992,1992,5,Cleveland Cavaliers,245,1
28,,11/10/1991,1985,7-Jun,Chris Mullin,SF,1991-1992,1992,6,Golden State Warriors,215,1
23,,4/25/1993,1991,6-Jun,Larry Johnson,F,1992-1993,1993,1,Charlotte Hornets,250,1
23,,4/18/1993,1992,10-Jun,Alonzo Mourning,C,1992-1993,1993,0,Charlotte Hornets,240,1
30,,4/11/1993,1984,Jul-00,Hakeem Olajuwon,C,1992-1993,1993,8,Houston Rockets,255,1
30,,4/4/1993,1984,6-Jun,Charles Barkley,PF,1992-1993,1993,8,Phoenix Suns,252,1
26,,3/28/1993,1991,2-Jul,Dikembe Mutombo,C,1992-1993,1993,1,Denver Nuggets,260,1
30,,3/21/1993,1985,Jul-00,Patrick Ewing,C,1992-1993,1993,7,New York Knicks,240,1
26,,3/14/1993,1990,2-Jun,Rumeal Robinson,PG,1992-1993,1993,2,New Jersey Nets,195,1
27,,3/7/1993,1988,11-Jun,Rony Seikaly,C,1992-1993,1993,4,Miami Heat,230,1
30,,2/28/1993,1984,Jul-00,Hakeem Olajuwon,C,1992-1993,1993,8,Houston Rockets,255,1
23,,2/14/1993,1991,6-Jun,Larry Johnson,F,1992-1993,1993,1,Charlotte Hornets,250,1
25,,2/7/1993,1989,6-Jun,Nick Anderson,GF,1992-1993,1993,3,Orlando Magic,228,1
29,,1/31/1993,1985,9-Jun,Karl Malone,PF,1992-1993,1993,7,Utah Jazz,265,1
30,,1/24/1993,1985,Jul-00,Patrick Ewing,C,1992-1993,1993,7,New York Knicks,240,1
30,,1/17/1993,1984,Jul-00,Hakeem Olajuwon,C,1992-1993,1993,8,Houston Rockets,255,1
23,,1/10/1993,1989,10-Jun,Shawn Kemp,C,1992-1993,1993,3,Seattle SuperSonics,280,1
27,,1/3/1993,1987,1-Jul,David Robinson,C,1992-1993,1993,3,San Antonio Spurs,250,1
25,,12/27/1992,1989,8-Jun,Sean Elliott,SF,1992-1993,1993,3,San Antonio Spurs,205,1
30,,12/20/1992,1985,Jul-00,Patrick Ewing,C,1992-1993,1993,7,New York Knicks,240,1
30,,12/13/1992,1984,6-Jun,Charles Barkley,PF,1992-1993,1993,8,Phoenix Suns,252,1
28,,12/6/1992,1986,5-Jun,Drazen Petrovic,SG,1992-1993,1993,3,New Jersey Nets,200,1
27,,11/29/1992,1987,1-Jul,David Robinson,C,1992-1993,1993,3,San Antonio Spurs,250,1
30,,11/22/1992,1984,6-Jun,Michael Jordan,SG,1992-1993,1993,8,Chicago Bulls,215,1
20,,11/15/1992,1992,1-Jul,Shaquille O'Neal,C,1992-1993,1993,0,Orlando Magic,325,1
28,,4/24/1994,1987,1-Jul,David Robinson,C,1993-1994,1994,4,San Antonio Spurs,250,1
28,,4/17/1994,1987,8-Jun,Scottie Pippen,SF,1993-1994,1994,6,Chicago Bulls,228,1
27,,4/10/1994,1991,2-Jul,Dikembe Mutombo,C,1993-1994,1994,2,Denver Nuggets,260,1
24,,4/3/1994,1989,10-Jun,Shawn Kemp,C,1993-1994,1994,4,Seattle SuperSonics,280,1
31,,3/27/1994,1984,Jul-00,Kevin Willis,C,1993-1994,1994,9,Atlanta Hawks,245,1
31,,3/20/1994,1984,Jul-00,Hakeem Olajuwon,C,1993-1994,1994,9,Houston Rockets,255,1
30,,3/13/1994,1985,3-Jun,Joe Dumars,SG,1993-1994,1994,8,Detroit Pistons,190,1
28,,3/6/1994,1987,1-Jul,David Robinson,C,1993-1994,1994,4,San Antonio Spurs,250,1
24,,2/27/1994,1989,10-Jun,Shawn Kemp,C,1993-1994,1994,4,Seattle SuperSonics,280,1
28,,2/20/1994,1987,1-Jul,David Robinson,C,1993-1994,1994,4,San Antonio Spurs,250,1
28,,2/6/1994,1987,1-Jul,David Robinson,C,1993-1994,1994,4,San Antonio Spurs,250,1
30,,1/30/1994,1986,6-Jun,Ron Harper,SG,1993-1994,1994,7,Los Angeles Clippers,185,1
23,,1/23/1994,1991,Jun-00,Kenny Anderson,PG,1993-1994,1994,2,New Jersey Nets,168,1
31,,1/16/1994,1985,Jul-00,Patrick Ewing,C,1993-1994,1994,8,New York Knicks,240,1
20,,1/9/1994,1993,9-Jun,Chris Webber,F-C,1993-1994,1994,0,Golden State Warriors,245,1
23,,1/2/1994,1992,9-Jun,Oliver Miller,C,1993-1994,1994,1,Phoenix Suns,280,1
28,,12/26/1993,1987,8-Jun,Scottie Pippen,SF,1993-1994,1994,6,Chicago Bulls,228,1
30,,12/19/1993,1985,9-Jun,Karl Malone,PF,1993-1994,1994,8,Utah Jazz,265,1
21,,12/12/1993,1992,1-Jul,Shaquille O'Neal,C,1993-1994,1994,1,Orlando Magic,325,1
28,,12/5/1993,1987,1-Jul,David Robinson,C,1993-1994,1994,4,San Antonio Spurs,250,1
26,,11/28/1993,1989,8-Jun,Glen Rice,SF,1993-1994,1994,4,Miami Heat,228,1
31,,11/21/1993,1984,6-Jun,Charles Barkley,PF,1993-1994,1994,9,Phoenix Suns,252,1
31,,11/14/1993,1984,Jul-00,Hakeem Olajuwon,C,1993-1994,1994,9,Houston Rockets,255,1
31,,4/23/1995,1985,9-Jun,Karl Malone,PF,1994-1995,1995,9,Utah Jazz,265,1
28,,4/16/1995,1991,2-Jul,Dikembe Mutombo,C,1994-1995,1995,3,Denver Nuggets,260,1
32,,4/9/1995,1983,7-Jun,Clyde Drexler,SG,1994-1995,1995,11,Houston Rockets,210,1
29,,4/2/1995,1987,1-Jul,David Robinson,C,1994-1995,1995,5,San Antonio Spurs,250,1
27,,3/26/1995,1989,1-Jul,Vlade Divac,C,1994-1995,1995,5,Los Angeles Lakers,260,1
21,,3/19/1995,1994,4-Jun,Jason Kidd,PG,1994-1995,1995,0,Dallas Mavericks,210,1
28,,3/12/1995,1988,4-Jul,Rik Smits,C,1994-1995,1995,6,Indiana Pacers,250,1
22,,3/5/1995,1992,1-Jul,Shaquille O'Neal,C,1994-1995,1995,2,Orlando Magic,325,1
28,,2/26/1995,1988,3-Jun,Rod Strickland,PG,1994-1995,1995,6,Portland Trail Blazers,175,1
32,,2/19/1995,1984,6-Jun,Charles Barkley,PF,1994-1995,1995,10,Phoenix Suns,252,1
32,,2/5/1995,1984,Jul-00,Hakeem Olajuwon,C,1994-1995,1995,10,Houston Rockets,255,1
32,,1/29/1995,1984,1-Jun,John Stockton,PG,1994-1995,1995,10,Utah Jazz,170,1
32,,1/22/1995,1985,Jul-00,Patrick Ewing,C,1994-1995,1995,9,New York Knicks,240,1
25,,1/15/1995,1991,6-Jun,Larry Johnson,F,1994-1995,1995,3,Charlotte Hornets,250,1
26,,1/8/1995,1990,4-Jun,Gary Payton,G,1994-1995,1995,4,Seattle SuperSonics,180,1
32,,1/1/1995,1984,Jul-00,Hakeem Olajuwon,C,1994-1995,1995,10,Houston Rockets,255,1
25,,12/25/1994,1990,6-Jun,Cedric Ceballos,SF,1994-1995,1995,4,Los Angeles Lakers,190,1
31,,12/18/1994,1985,9-Jun,Karl Malone,PF,1994-1995,1995,9,Utah Jazz,265,1
22,,12/11/1994,1993,8-Jun,Jamal Mashburn,SF,1994-1995,1995,1,Dallas Mavericks,247,1
22,,12/4/1994,1992,1-Jul,Shaquille O'Neal,C,1994-1995,1995,2,Orlando Magic,325,1
23,,11/27/1994,1993,7-Jun,Penny Hardaway,PG,1994-1995,1995,1,Orlando Magic,195,1
25,,11/20/1994,1991,Jun-00,Elliot Perry,PG,1994-1995,1995,3,Phoenix Suns,150,1
28,,11/13/1994,1989,Jun-00,Tim Hardaway,PG,1994-1995,1995,5,Golden State Warriors,175,1
27,,4/21/1996,1990,8-Jun,Dennis Scott,SF,1995-1996,1996,5,Orlando Magic,229,1
23,,4/14/1996,1994,9-Jun,Juwan Howard,PF,1995-1996,1996,1,Washington Bullets,240,1
29,,4/7/1996,1987,1-Jun,Kevin Johnson,PG,1995-1996,1996,8,Phoenix Suns,180,1
31,,3/31/1996,1985,3-Jul,Arvydas Sabonis,C,1995-1996,1996,0,Portland Trail Blazers,279,1
28,,3/24/1996,1991,10-Jun,Chris Gatling,PF,1995-1996,1996,4,Miami Heat,220,1
23,,3/17/1996,1994,8-Jun,Grant Hill,SF,1995-1996,1996,1,Detroit Pistons,225,1
33,,3/10/1996,1984,6-Jun,Michael Jordan,SG,1995-1996,1996,10,Chicago Bulls,215,1
23,,3/3/1996,1992,1-Jul,Shaquille O'Neal,C,1995-1996,1996,3,Orlando Magic,325,1
33,,3/3/1996,1984,Jul-00,Hakeem Olajuwon,C,1995-1996,1996,11,Houston Rockets,255,1
26,,2/25/1996,1989,10-Jun,Shawn Kemp,C,1995-1996,1996,6,Seattle SuperSonics,280,1
31,,2/18/1996,1987,9-Jun,Armen Gilliam,PF,1995-1996,1996,8,New Jersey Nets,230,1
22,,2/4/1996,1994,4-Jun,Jason Kidd,PG,1995-1996,1996,1,Dallas Mavericks,210,1
30,,1/28/1996,1987,7-Jun,Reggie Miller,SG,1995-1996,1996,8,Indiana Pacers,185,1
33,,1/21/1996,1984,6-Jun,Michael Jordan,SG,1995-1996,1996,10,Chicago Bulls,215,1
30,,1/14/1996,1987,1-Jul,David Robinson,C,1995-1996,1996,6,San Antonio Spurs,250,1
29,,1/7/1996,1989,10-Jun,Cliff Robinson,PF,1995-1996,1996,6,Portland Trail Blazers,225,1
32,,12/31/1995,1985,9-Jun,Karl Malone,PF,1995-1996,1996,10,Utah Jazz,265,1
33,,12/24/1995,1984,6-Jun,Michael Jordan,SG,1995-1996,1996,10,Chicago Bulls,215,1
30,,12/17/1995,1987,8-Jun,Scottie Pippen,SF,1995-1996,1996,8,Chicago Bulls,228,1
29,,12/10/1995,1991,2-Jul,Dikembe Mutombo,C,1995-1996,1996,4,Denver Nuggets,260,1
25,,12/3/1995,1991,11-May,Terrell Brandon,PG,1995-1996,1996,4,Cleveland Cavaliers,180,1
26,,11/26/1995,1989,10-Jun,Shawn Kemp,C,1995-1996,1996,6,Seattle SuperSonics,280,1
26,,11/19/1995,1990,6-Jun,Cedric Ceballos,SF,1995-1996,1996,5,Los Angeles Lakers,190,1
24,,11/12/1995,1993,7-Jun,Penny Hardaway,PG,1995-1996,1996,2,Orlando Magic,195,1
24,,4/20/1997,1993,9-Jun,Chris Webber,F-C,1996-1997,1997,3,Washington Bullets,245,1
21,,4/13/1997,1996,Jun-00,Allen Iverson,G,1996-1997,1997,0,Philadelphia Sixers,165,1
24,,4/6/1997,1994,8-Jun,Grant Hill,SF,1996-1997,1997,2,Detroit Pistons,225,1
30,,3/30/1997,1987,1-Jun,Kevin Johnson,PG,1996-1997,1997,9,Phoenix Suns,180,1
33,,3/23/1997,1985,9-Jun,Karl Malone,PF,1996-1997,1997,11,Utah Jazz,265,1
33,,3/16/1997,1985,9-Jun,Karl Malone,PF,1996-1997,1997,11,Utah Jazz,265,1
34,,3/9/1997,1985,Jul-00,Patrick Ewing,C,1996-1997,1997,11,New York Knicks,240,1
30,,3/2/1997,1990,9-Jun,Loy Vaught,PF,1996-1997,1997,6,Los Angeles Clippers,230,1
31,,2/23/1997,1987,8-Jun,Scottie Pippen,SF,1996-1997,1997,9,Chicago Bulls,228,1
27,,2/16/1997,1992,10-Jun,Alonzo Mourning,C,1996-1997,1997,4,Miami Heat,240,1
29,,2/2/1997,1989,8-Jun,Glen Rice,SF,1996-1997,1997,7,Charlotte Hornets,228,1
31,,1/26/1997,1988,5-Jun,Mitch Richmond,SG,1996-1997,1997,8,Sacramento Kings,215,1
24,,1/19/1997,1994,8-Jun,Grant Hill,SF,1996-1997,1997,2,Detroit Pistons,225,1
24,,1/12/1997,1994,7-Jun,Glenn Robinson,SF,1996-1997,1997,2,Milwaukee Bucks,225,1
29,,1/5/1997,1989,8-Jun,Glen Rice,SF,1996-1997,1997,7,Charlotte Hornets,228,1
30,,12/29/1996,1989,Jun-00,Tim Hardaway,PG,1996-1997,1997,7,Miami Heat,175,1
26,,12/22/1996,1991,11-May,Terrell Brandon,PG,1996-1997,1997,5,Cleveland Cavaliers,180,1
24,,12/15/1996,1992,1-Jul,Shaquille O'Neal,C,1996-1997,1997,4,Los Angeles Lakers,325,1
29,,12/8/1996,1990,10-Jun,Terry Mills,PF,1996-1997,1997,6,Detroit Pistons,230,1
30,,12/1/1996,1991,2-Jul,Dikembe Mutombo,C,1996-1997,1997,5,Atlanta Hawks,260,1
34,,11/24/1996,1984,6-Jun,Charles Barkley,PF,1996-1997,1997,12,Houston Rockets,252,1
33,,11/24/1996,1985,9-Jun,Karl Malone,PF,1996-1997,1997,11,Utah Jazz,265,1
36,,11/17/1996,1983,7-Jun,Dale Ellis,GF,1996-1997,1997,13,Denver Nuggets,205,1
34,,11/10/1996,1984,Jul-00,Hakeem Olajuwon,C,1996-1997,1997,12,Houston Rockets,255,1
24,,4/19/1998,1994,4-Jun,Jason Kidd,PG,1997-1998,1998,3,Phoenix Suns,210,1
28,,4/12/1998,1993,3-Jun,Sam Cassell,G,1997-1998,1998,4,New Jersey Nets,185,1
35,,4/5/1998,1984,6-Jun,Michael Jordan,SG,1997-1998,1998,12,Chicago Bulls,215,1
28,,3/29/1998,1992,10-Jun,Alonzo Mourning,C,1997-1998,1998,5,Miami Heat,240,1
25,,3/22/1998,1992,1-Jul,Shaquille O'Neal,C,1997-1998,1998,5,Los Angeles Lakers,325,1
24,,3/15/1998,1994,4-Jun,Jason Kidd,PG,1997-1998,1998,3,Phoenix Suns,210,1
34,,3/8/1998,1985,9-Jun,Karl Malone,PF,1997-1998,1998,12,Utah Jazz,265,1
21,,3/1/1998,1997,11-Jun,Tim Duncan,FC,1997-1998,1998,0,San Antonio Spurs,250,1
30,,2/22/1998,1989,6-Jun,Nick Anderson,GF,1997-1998,1998,8,Orlando Magic,228,1
34,,2/15/1998,1985,9-Jun,Karl Malone,PF,1997-1998,1998,12,Utah Jazz,265,1
32,,2/1/1998,1987,1-Jul,David Robinson,C,1997-1998,1998,8,San Antonio Spurs,250,1
30,,1/25/1998,1990,10-Jun,Jayson Williams,FC,1997-1998,1998,7,New Jersey Nets,245,1
22,,1/18/1998,1996,Jun-00,Allen Iverson,G,1997-1998,1998,1,Philadelphia Sixers,165,1
28,,1/11/1998,1991,7-Jun,Steve Smith,SG,1997-1998,1998,6,Atlanta Hawks,200,1
31,,1/4/1998,1988,4-Jul,Rik Smits,C,1997-1998,1998,9,Indiana Pacers,250,1
32,,12/28/1997,1987,1-Jul,David Robinson,C,1997-1998,1998,8,San Antonio Spurs,250,1
35,,12/21/1997,1984,6-Jun,Michael Jordan,SG,1997-1998,1998,12,Chicago Bulls,215,1
30,,12/14/1997,1989,8-Jun,Glen Rice,SF,1997-1998,1998,8,Charlotte Hornets,228,1
26,,12/7/1997,1994,6-Jun,Wesley Person,SG,1997-1998,1998,3,Cleveland Cavaliers,195,1
34,,11/30/1997,1985,9-Jun,Karl Malone,PF,1997-1998,1998,12,Utah Jazz,265,1
35,,11/23/1997,1984,6-Jun,Michael Jordan,SG,1997-1998,1998,12,Chicago Bulls,215,1
25,,11/16/1997,1992,1-Jul,Shaquille O'Neal,C,1997-1998,1998,5,Los Angeles Lakers,325,1
31,,11/9/1997,1991,2-Jul,Dikembe Mutombo,C,1997-1998,1998,6,Atlanta Hawks,260,1
26,,5/2/1999,1994,8-Jun,Grant Hill,SF,1998-1999,1999,4,Detroit Pistons,225,1
25,,4/25/1999,1993,9-Jun,Chris Webber,F-C,1998-1999,1999,5,Sacramento Kings,245,1
25,,4/18/1999,1994,4-Jun,Jason Kidd,PG,1998-1999,1999,4,Phoenix Suns,210,1
35,,4/11/1999,1985,9-Jun,Karl Malone,PF,1998-1999,1999,13,Utah Jazz,265,1
22,,4/4/1999,1995,11-Jun,Kevin Garnett,PF,1998-1999,1999,3,Minnesota Timberwolves,240,1
30,,3/28/1999,1991,Jun-00,Darrell Armstrong,PG,1998-1999,1999,4,Orlando Magic,170,1
22,,3/21/1999,1998,6-Jun,Vince Carter,SF,1998-1999,1999,0,Toronto Raptors,220,1
29,,3/14/1999,1992,10-Jun,Alonzo Mourning,C,1998-1999,1999,6,Miami Heat,240,1
22,,3/7/1999,1997,11-Jun,Tim Duncan,FC,1998-1999,1999,1,San Antonio Spurs,250,1
24,,2/28/1999,1995,9-Jun,Antonio McDyess,F,1998-1999,1999,3,Denver Nuggets,245,1
22,,2/21/1999,1996,2-Jun,Stephon Marbury,G,1998-1999,1999,2,Minnesota Timberwolves,180,1
30,,2/14/1999,1990,4-Jun,Gary Payton,G,1998-1999,1999,8,Seattle SuperSonics,180,1
32,,2/7/1999,1991,2-Jul,Dikembe Mutombo,C,1998-1999,1999,7,Atlanta Hawks,260,1
21,,4/17/2000,1996,6-Jun,Kobe Bryant,SG,1999-2000,2000,3,Los Angeles Lakers,212,1
30,,4/10/2000,1992,10-Jun,Alonzo Mourning,C,1999-2000,2000,7,Miami Heat,240,1
23,,4/3/2000,1997,11-Jun,Tim Duncan,FC,1999-2000,2000,2,San Antonio Spurs,250,1
23,,3/27/2000,1995,11-Jun,Kevin Garnett,PF,1999-2000,2000,4,Minnesota Timberwolves,240,1
27,,3/20/2000,1994,8-Jun,Jalen Rose,G,1999-2000,2000,5,Indiana Pacers,210,1
27,,3/13/2000,1992,1-Jul,Shaquille O'Neal,C,1999-2000,2000,7,Los Angeles Lakers,325,1
36,,3/6/2000,1985,9-Jun,Karl Malone,PF,1999-2000,2000,14,Utah Jazz,265,1
23,,2/28/2000,1998,6-Jun,Vince Carter,SF,1999-2000,2000,1,Toronto Raptors,220,1
27,,2/22/2000,1992,1-Jul,Shaquille O'Neal,C,1999-2000,2000,7,Los Angeles Lakers,325,1
26,,2/7/2000,1995,7-Jun,Michael Finley,G-F,1999-2000,2000,4,Dallas Mavericks,225,1
33,,1/31/2000,1991,2-Jul,Dikembe Mutombo,C,1999-2000,2000,8,Atlanta Hawks,260,1
23,,1/24/2000,1999,3-Jun,Steve Francis,G,1999-2000,2000,0,Houston Rockets,195,1
27,,1/17/2000,1993,9-Jun,Chris Webber,F-C,1999-2000,2000,6,Sacramento Kings,245,1
27,,1/10/2000,1994,8-Jun,Grant Hill,SF,1999-2000,2000,5,Detroit Pistons,225,1
27,,1/3/2000,1993,9-Jun,Chris Webber,F-C,1999-2000,2000,6,Sacramento Kings,245,1
23,,12/27/1999,1995,11-Jun,Kevin Garnett,PF,1999-2000,2000,4,Minnesota Timberwolves,240,1
26,,12/20/1999,1994,4-Jun,Jason Kidd,PG,1999-2000,2000,5,Phoenix Suns,210,1
30,,12/13/1999,1992,10-Jun,Alonzo Mourning,C,1999-2000,2000,7,Miami Heat,240,1
27,,12/5/1999,1992,1-Jul,Shaquille O'Neal,C,1999-2000,2000,7,Los Angeles Lakers,325,1
23,,11/28/1999,1997,11-Jun,Tim Duncan,FC,1999-2000,2000,2,San Antonio Spurs,250,1
23,,11/21/1999,1998,6-Jun,Vince Carter,SF,1999-2000,2000,1,Toronto Raptors,220,1
23,,11/14/1999,1995,11-Jun,Kevin Garnett,PF,1999-2000,2000,4,Minnesota Timberwolves,240,1
30,,11/7/1999,1993,3-Jun,Sam Cassell,G,1999-2000,2000,6,Milwaukee Bucks,185,1
25,,4/15/2001,1996,5-Jun,Ray Allen,SG,2000-2001,2001,4,Milwaukee Bucks,205,1
28,,4/8/2001,1992,1-Jul,Shaquille O'Neal,C,2000-2001,2001,8,Los Angeles Lakers,325,1
27,,4/1/2001,1994,4-Jun,Jason Kidd,PG,2000-2001,2001,6,Phoenix Suns,210,1
23,,3/25/2001,1998,7-Jun,Paul Pierce,SF,2000-2001,2001,2,Boston Celtics,235,1
25,,3/18/2001,1998,4-Jun,Cuttino Mobley,G,2000-2001,2001,2,Houston Rockets,190,1
26,,3/11/2001,1997,5-Jun,Derek Anderson,G,2000-2001,2001,3,San Antonio Spurs,194,1
24,,3/4/2001,1998,6-Jun,Vince Carter,SF,2000-2001,2001,2,Toronto Raptors,220,1
22,,2/25/2001,1999,7-Jun,Shawn Marion,F,2000-2001,2001,1,Phoenix Suns,228,1
25,,2/18/2001,1996,Jun-00,Allen Iverson,G,2000-2001,2001,4,Philadelphia Sixers,165,1
32,,2/4/2001,1991,Jun-00,Darrell Armstrong,PG,2000-2001,2001,6,Orlando Magic,170,1
24,,1/28/2001,1997,11-Jun,Tim Duncan,FC,2000-2001,2001,3,San Antonio Spurs,250,1
28,,1/22/2001,1993,9-Jun,Chris Webber,F-C,2000-2001,2001,7,Sacramento Kings,245,1
24,,1/14/2001,1999,3-Jun,Steve Francis,G,2000-2001,2001,1,Houston Rockets,195,1
25,,1/7/2001,1996,Jun-00,Allen Iverson,G,2000-2001,2001,4,Philadelphia Sixers,165,1
28,,12/31/2000,1994,5-Jun,Aaron McKie,G,2000-2001,2001,6,Philadelphia Sixers,209,1
22,,12/24/2000,1996,6-Jun,Kobe Bryant,SG,2000-2001,2001,4,Los Angeles Lakers,212,1
28,,12/17/2000,1994,7-Jun,Glenn Robinson,SF,2000-2001,2001,6,Milwaukee Bucks,225,1
28,,12/10/2000,1993,9-Jun,Chris Webber,F-C,2000-2001,2001,7,Sacramento Kings,245,1
26,,12/3/2000,1995,9-Jun,Antonio McDyess,F,2000-2001,2001,5,Denver Nuggets,245,1
21,,11/26/2000,1999,3-Jun,Baron Davis,G,2000-2001,2001,1,Charlotte Hornets,215,1
24,,11/19/2000,1995,11-Jun,Kevin Garnett,PF,2000-2001,2001,5,Minnesota Timberwolves,240,1
24,,11/12/2000,1996,2-Jun,Stephon Marbury,G,2000-2001,2001,4,New Jersey Nets,180,1
37,,11/6/2000,1985,9-Jun,Karl Malone,PF,2000-2001,2001,15,Utah Jazz,265,1
38,,11/6/2000,1984,1-Jun,John Stockton,PG,2000-2001,2001,16,Utah Jazz,170,1
24,East,4/7/2002,1998,7-Jun,Paul Pierce,SF,2001-2002,2002,3,Boston Celtics,235,0.5
25,West,4/7/2002,1997,11-Jun,Tim Duncan,FC,2001-2002,2002,4,San Antonio Spurs,250,0.5
27,East,3/31/2002,1996,9-Jun,Ben Wallace,FC,2001-2002,2002,5,Detroit Pistons,240,0.5
23,West,3/31/2002,1999,7-Jun,Shawn Marion,F,2001-2002,2002,2,Phoenix Suns,228,0.5
28,East,3/24/2002,1994,4-Jun,Jason Kidd,PG,2001-2002,2002,7,New Jersey Nets,210,0.5
25,West,3/24/2002,1997,11-Jun,Tim Duncan,FC,2001-2002,2002,4,San Antonio Spurs,250,0.5
22,East,3/17/2002,1997,8-Jun,Tracy McGrady,GF,2001-2002,2002,4,Orlando Magic,210,0.5
25,West,3/17/2002,1997,11-Jun,Tim Duncan,FC,2001-2002,2002,4,San Antonio Spurs,250,0.5
29,East,3/10/2002,1995,9-Jun,Kurt Thomas,FC,2001-2002,2002,6,New York Knicks,240,0.5
29,West,3/10/2002,1992,1-Jul,Shaquille O'Neal,C,2001-2002,2002,9,Los Angeles Lakers,325,0.5
26,East,3/3/2002,1996,Jun-00,Allen Iverson,G,2001-2002,2002,5,Philadelphia Sixers,165,0.5
27,West,3/3/2002,1995,11-Jun,Rasheed Wallace,FC,2001-2002,2002,6,Portland Trail Blazers,230,0.5
27,East,2/24/2002,1996,9-Jun,Ben Wallace,FC,2001-2002,2002,5,Detroit Pistons,240,0.5
29,West,2/24/2002,1992,1-Jul,Shaquille O'Neal,C,2001-2002,2002,9,Los Angeles Lakers,325,0.5
25,East,2/17/2002,1999,3-Jun,Andre Miller,PG,2001-2002,2002,2,Cleveland Cavaliers,200,0.5
38,West,2/17/2002,1985,9-Jun,Karl Malone,PF,2001-2002,2002,16,Utah Jazz,265,0.5
28,East,2/3/2002,1994,4-Jun,Jason Kidd,PG,2001-2002,2002,7,New Jersey Nets,210,0.5
29,West,2/3/2002,1992,1-Jul,Shaquille O'Neal,C,2001-2002,2002,9,Los Angeles Lakers,325,0.5
26,East,1/27/2002,1996,Jun-00,Allen Iverson,G,2001-2002,2002,5,Philadelphia Sixers,165,0.5
23,West,1/27/2002,1998,Jul-00,Dirk Nowitzki,PF,2001-2002,2002,3,Dallas Mavericks,245,0.5
26,East,1/20/2002,1996,Jun-00,Allen Iverson,G,2001-2002,2002,5,Philadelphia Sixers,165,0.5
23,West,1/20/2002,1996,6-Jun,Kobe Bryant,SG,2001-2002,2002,5,Los Angeles Lakers,212,0.5
26,East,1/13/2002,1996,5-Jun,Ray Allen,SG,2001-2002,2002,5,Milwaukee Bucks,205,0.5
25,West,1/13/2002,1995,11-Jun,Kevin Garnett,PF,2001-2002,2002,6,Minnesota Timberwolves,240,0.5
30,East,1/6/2002,1994,6-Jun,Eddie Jones,G-F,2001-2002,2002,7,Miami Heat,200,0.5
28,West,1/6/2002,1993,9-Jun,Chris Webber,F-C,2001-2002,2002,8,Sacramento Kings,245,0.5
28,East,12/30/2001,1994,4-Jun,Jason Kidd,PG,2001-2002,2002,7,New Jersey Nets,210,0.5
25,West,12/30/2001,1997,11-Jun,Tim Duncan,FC,2001-2002,2002,4,San Antonio Spurs,250,0.5
23,East,12/23/2001,1996,11-Jun,Jermaine O'Neal,FC,2001-2002,2002,5,Indiana Pacers,235,0.5
33,West,12/23/2001,1990,4-Jun,Gary Payton,G,2001-2002,2002,11,Seattle SuperSonics,180,0.5
24,East,12/16/2001,1999,7-Jun,Richard Hamilton,SG,2001-2002,2002,2,Washington Wizards,193,0.5
28,West,12/16/2001,1996,3-Jun,Steve Nash,G,2001-2002,2002,5,Dallas Mavericks,178,0.5
25,East,12/9/2001,1999,3-Jun,Andre Miller,PG,2001-2002,2002,2,Cleveland Cavaliers,200,0.5
22,West,12/9/2001,1999,9-Jun,Elton Brand,PF,2001-2002,2002,2,Los Angeles Clippers,254,0.5
24,East,12/2/2001,1998,7-Jun,Paul Pierce,SF,2001-2002,2002,3,Boston Celtics,235,0.5
25,West,12/2/2001,1996,2-Jun,Stephon Marbury,G,2001-2002,2002,5,Phoenix Suns,180,0.5
25,East,11/25/2001,1996,9-Jun,Shareef Abdur-Rahim,F,2001-2002,2002,5,Atlanta Hawks,225,0.5
25,West,11/25/2001,1997,11-Jun,Tim Duncan,FC,2001-2002,2002,4,San Antonio Spurs,250,0.5
26,East,11/18/2001,1996,Jun-00,Allen Iverson,G,2001-2002,2002,5,Philadelphia Sixers,165,0.5
25,West,11/18/2001,1995,11-Jun,Kevin Garnett,PF,2001-2002,2002,6,Minnesota Timberwolves,240,0.5
25,East,11/11/2001,1998,6-Jun,Vince Carter,SF,2001-2002,2002,3,Toronto Raptors,220,0.5
25,West,11/11/2001,1997,11-Jun,Tim Duncan,FC,2001-2002,2002,4,San Antonio Spurs,250,0.5
26,East,11/4/2001,1996,5-Jun,Ray Allen,SG,2001-2002,2002,5,Milwaukee Bucks,205,0.5
23,West,11/4/2001,1996,6-Jun,Kobe Bryant,SG,2001-2002,2002,5,Los Angeles Lakers,212,0.5
23,East,4/13/2003,1997,8-Jun,Tracy McGrady,GF,2002-2003,2003,5,Orlando Magic,210,0.5
24,West,4/13/2003,1999,7-Jun,Shawn Marion,F,2002-2003,2003,3,Phoenix Suns,228,0.5
29,East,4/6/2003,1994,4-Jun,Jason Kidd,PG,2002-2003,2003,8,New Jersey Nets,210,0.5
30,West,4/6/2003,1992,1-Jul,Shaquille O'Neal,C,2002-2003,2003,10,Los Angeles Lakers,325,0.5
22,East,3/30/2003,2001,7-Jun,Richard Jefferson,SF,2002-2003,2003,1,New Jersey Nets,233,0.5
26,West,3/30/2003,1997,11-Jun,Tim Duncan,FC,2002-2003,2003,5,San Antonio Spurs,250,0.5
28,East,3/23/2003,1996,9-Jun,Ben Wallace,FC,2002-2003,2003,6,Detroit Pistons,240,0.5
25,West,3/23/2003,1996,10-Jun,Peja Stojakovic,F,2002-2003,2003,4,Sacramento Kings,229,0.5
27,East,3/16/2003,1996,Jun-00,Allen Iverson,G,2002-2003,2003,6,Philadelphia Sixers,165,0.5
26,West,3/16/2003,1999,3-Jun,Steve Francis,G,2002-2003,2003,3,Houston Rockets,195,0.5
23,East,3/9/2003,1997,8-Jun,Tracy McGrady,GF,2002-2003,2003,5,Orlando Magic,210,0.5
30,West,3/9/2003,1992,1-Jul,Shaquille O'Neal,C,2002-2003,2003,10,Los Angeles Lakers,325,0.5
40,East,3/2/2003,1984,6-Jun,Michael Jordan,SG,2002-2003,2003,14,Washington Wizards,215,0.5
27,West,3/2/2003,1996,5-Jun,Ray Allen,SG,2002-2003,2003,6,Seattle SuperSonics,205,0.5
23,East,2/23/2003,1997,8-Jun,Tracy McGrady,GF,2002-2003,2003,5,Orlando Magic,210,0.5
24,West,2/23/2003,1996,6-Jun,Kobe Bryant,SG,2002-2003,2003,6,Los Angeles Lakers,212,0.5
31,East,2/16/2003,1993,6-Jun,Allan Houston,G,2002-2003,2003,9,New York Knicks,205,0.5
26,West,2/16/2003,1997,11-Jun,Tim Duncan,FC,2002-2003,2003,5,San Antonio Spurs,250,0.5
26,East,2/2/2003,1997,3-Jun,Chauncey Billups,G,2002-2003,2003,5,Detroit Pistons,210,0.5
24,West,2/2/2003,1996,6-Jun,Kobe Bryant,SG,2002-2003,2003,6,Los Angeles Lakers,212,0.5
25,East,1/26/2003,1998,7-Jun,Paul Pierce,SF,2002-2003,2003,4,Boston Celtics,235,0.5
26,West,1/26/2003,1997,11-Jun,Tim Duncan,FC,2002-2003,2003,5,San Antonio Spurs,250,0.5
26,East,1/19/2003,1996,9-Jun,Antoine Walker,F,2002-2003,2003,6,Boston Celtics,265,0.5
26,West,1/19/2003,1999,3-Jun,Steve Francis,G,2002-2003,2003,3,Houston Rockets,195,0.5
24,East,1/12/2003,1996,11-Jun,Jermaine O'Neal,FC,2002-2003,2003,6,Indiana Pacers,235,0.5
24,West,1/12/2003,1996,6-Jun,Kobe Bryant,SG,2002-2003,2003,6,Los Angeles Lakers,212,0.5
26,West,1/12/2003,1996,2-Jun,Stephon Marbury,G,2002-2003,2003,6,Phoenix Suns,180,0.5
40,East,1/5/2003,1984,6-Jun,Michael Jordan,SG,2002-2003,2003,14,Washington Wizards,215,0.5
24,West,1/5/2003,1998,Jul-00,Dirk Nowitzki,PF,2002-2003,2003,4,Dallas Mavericks,245,0.5
32,East,12/29/2002,1993,5-Jun,Lucious Harris,SG,2002-2003,2003,9,New Jersey Nets,190,0.5
26,West,12/29/2002,1997,11-Jun,Tim Duncan,FC,2002-2003,2003,5,San Antonio Spurs,250,0.5
29,East,12/22/2002,1994,4-Jun,Jason Kidd,PG,2002-2003,2003,8,New Jersey Nets,210,0.5
26,West,12/22/2002,1997,11-Jun,Tim Duncan,FC,2002-2003,2003,5,San Antonio Spurs,250,0.5
26,East,12/15/2002,1996,9-Jun,Antoine Walker,F,2002-2003,2003,6,Boston Celtics,265,0.5
29,West,12/15/2002,1993,9-Jun,Chris Webber,F-C,2002-2003,2003,9,Sacramento Kings,245,0.5
25,East,12/8/2002,1998,7-Jun,Paul Pierce,SF,2002-2003,2003,4,Boston Celtics,235,0.5
24,West,12/8/2002,1996,6-Jun,Kobe Bryant,SG,2002-2003,2003,6,Los Angeles Lakers,212,0.5
27,East,12/1/2002,1996,Jun-00,Allen Iverson,G,2002-2003,2003,6,Philadelphia Sixers,165,0.5
26,West,12/1/2002,1996,2-Jun,Stephon Marbury,G,2002-2003,2003,6,Phoenix Suns,180,0.5
27,East,11/24/2002,1996,Jun-00,Allen Iverson,G,2002-2003,2003,6,Philadelphia Sixers,165,0.5
26,West,11/24/2002,1995,11-Jun,Kevin Garnett,PF,2002-2003,2003,7,Minnesota Timberwolves,240,0.5
23,East,11/17/2002,1999,7-Jun,Metta World Peace,SF,2002-2003,2003,3,Indiana Pacers,260,0.5
23,West,11/17/2002,1998,10-Jun,Rashard Lewis,F,2002-2003,2003,4,Seattle SuperSonics,235,0.5
28,East,11/10/2002,1995,6-Jun,Jerry Stackhouse,SF,2002-2003,2003,7,Washington Wizards,218,0.5
24,West,11/10/2002,1998,Jul-00,Dirk Nowitzki,PF,2002-2003,2003,4,Dallas Mavericks,245,0.5
30,East,11/3/2002,1994,7-Jun,Glenn Robinson,SF,2002-2003,2003,8,Atlanta Hawks,225,0.5
24,West,11/3/2002,1996,6-Jun,Kobe Bryant,SG,2002-2003,2003,6,Los Angeles Lakers,212,0.5
25,East,4/12/2004,2000,11-Jun,Jamaal Magloire,C,2003-2004,2004,3,New Orleans Hornets,259,0.5
19,West,4/12/2004,2003,8-Jun,Carmelo Anthony,F,2003-2004,2004,0,Denver Nuggets,240,0.5
23,East,4/5/2004,2001,7-Jun,Richard Jefferson,SF,2003-2004,2004,2,New Jersey Nets,233,0.5
25,West,4/5/2004,1998,Jul-00,Dirk Nowitzki,PF,2003-2004,2004,5,Dallas Mavericks,245,0.5
24,East,3/29/2004,1999,7-Jun,Metta World Peace,SF,2003-2004,2004,4,Indiana Pacers,260,0.5
25,West,3/29/2004,1996,6-Jun,Kobe Bryant,SG,2003-2004,2004,7,Los Angeles Lakers,212,0.5
27,East,3/21/2004,1998,6-Jun,Vince Carter,SF,2003-2004,2004,5,Toronto Raptors,220,0.5
31,West,3/21/2004,1992,1-Jul,Shaquille O'Neal,C,2003-2004,2004,11,Los Angeles Lakers,325,0.5
28,East,3/14/2004,1996,3-Jul,Zydrunas Ilgauskas,C,2003-2004,2004,7,Cleveland Cavaliers,260,0.5
19,West,3/14/2004,2003,8-Jun,Carmelo Anthony,F,2003-2004,2004,0,Denver Nuggets,240,0.5
24,East,3/7/2004,1999,10-Jun,Lamar Odom,PF,2003-2004,2004,4,Miami Heat,230,0.5
23,West,3/7/2004,2002,6-Jul,Yao Ming,C,2003-2004,2004,1,Houston Rockets,310,0.5
29,East,2/29/2004,1996,9-Jun,Ben Wallace,FC,2003-2004,2004,7,Detroit Pistons,240,0.5
23,West,2/29/2004,1999,9-Jun,Andrei Kirilenko,PF,2003-2004,2004,2,Utah Jazz,235,0.5
22,East,2/22/2004,2003,4-Jun,Dwyane Wade,SG,2003-2004,2004,0,Miami Heat,220,0.5
25,West,2/22/2004,1996,6-Jun,Kobe Bryant,SG,2003-2004,2004,7,Los Angeles Lakers,212,0.5
26,East,2/8/2004,2000,9-Jun,Kenyon Martin,F,2003-2004,2004,3,New Jersey Nets,240,0.5
27,West,2/8/2004,1997,11-Jun,Tim Duncan,FC,2003-2004,2004,6,San Antonio Spurs,250,0.5
30,East,2/1/2004,1994,4-Jun,Jason Kidd,PG,2003-2004,2004,9,New Jersey Nets,210,0.5
27,West,2/1/2004,1995,11-Jun,Kevin Garnett,PF,2003-2004,2004,8,Minnesota Timberwolves,240,0.5
22,East,1/25/2004,2002,9-Jun,Carlos Boozer,PF,2003-2004,2004,1,Cleveland Cavaliers,266,0.5
27,West,1/25/2004,1995,11-Jun,Kevin Garnett,PF,2003-2004,2004,8,Minnesota Timberwolves,240,0.5
27,East,1/18/2004,1996,2-Jun,Stephon Marbury,G,2003-2004,2004,7,New York Knicks,180,0.5
30,West,1/18/2004,1995,7-Jun,Michael Finley,G-F,2003-2004,2004,8,Dallas Mavericks,225,0.5
26,East,1/11/2004,1998,7-Jun,Paul Pierce,SF,2003-2004,2004,5,Boston Celtics,235,0.5
28,West,1/11/2004,1996,5-Jun,Ray Allen,SG,2003-2004,2004,7,Seattle SuperSonics,205,0.5
29,East,1/4/2004,1996,9-Jun,Ben Wallace,FC,2003-2004,2004,7,Detroit Pistons,240,0.5
24,West,1/4/2004,1999,9-Jun,Elton Brand,PF,2003-2004,2004,4,Los Angeles Clippers,254,0.5
30,East,12/28/2003,1994,4-Jun,Jason Kidd,PG,2003-2004,2004,9,New Jersey Nets,210,0.5
34,West,12/28/2003,1993,3-Jun,Sam Cassell,G,2003-2004,2004,10,Minnesota Timberwolves,185,0.5
24,East,12/21/2003,1997,8-Jun,Tracy McGrady,GF,2003-2004,2004,6,Orlando Magic,210,0.5
27,West,12/21/2003,1995,11-Jun,Kevin Garnett,PF,2003-2004,2004,8,Minnesota Timberwolves,240,0.5
26,East,12/14/2003,1998,7-Jun,Paul Pierce,SF,2003-2004,2004,5,Boston Celtics,235,0.5
26,West,12/14/2003,1996,10-Jun,Peja Stojakovic,F,2003-2004,2004,5,Sacramento Kings,229,0.5
27,East,12/7/2003,1998,6-Jun,Vince Carter,SF,2003-2004,2004,5,Toronto Raptors,220,0.5
31,West,12/7/2003,1992,1-Jul,Shaquille O'Neal,C,2003-2004,2004,11,Los Angeles Lakers,325,0.5
37,East,11/30/2003,1991,2-Jul,Dikembe Mutombo,C,2003-2004,2004,12,New York Knicks,260,0.5
30,West,11/30/2003,1994,4-Jun,Voshon Lenard,SG,2003-2004,2004,8,Denver Nuggets,205,0.5
27,East,11/23/2003,1997,3-Jun,Chauncey Billups,G,2003-2004,2004,6,Detroit Pistons,210,0.5
27,West,11/23/2003,1995,11-Jun,Kevin Garnett,PF,2003-2004,2004,8,Minnesota Timberwolves,240,0.5
28,East,11/16/2003,1996,Jun-00,Allen Iverson,G,2003-2004,2004,7,Philadelphia Sixers,165,0.5
23,West,11/16/2003,2000,6-Jun,Quentin Richardson,GF,2003-2004,2004,3,Los Angeles Clippers,223,0.5
24,East,11/9/2003,1999,7-Jun,Metta World Peace,SF,2003-2004,2004,4,Indiana Pacers,260,0.5
23,West,11/9/2003,1999,9-Jun,Andrei Kirilenko,PF,2003-2004,2004,2,Utah Jazz,235,0.5
24,East,11/2/2003,1999,3-Jun,Baron Davis,G,2003-2004,2004,4,New Orleans Hornets,215,0.5
24,West,11/2/2003,1998,10-Jun,Rashard Lewis,F,2003-2004,2004,5,Seattle SuperSonics,235,0.5
31,East,4/17/2005,1994,4-Jun,Jason Kidd,PG,2004-2005,2005,10,New Jersey Nets,210,0.5
25,West,4/17/2005,1997,8-Jun,Tracy McGrady,GF,2004-2005,2005,7,Houston Rockets,210,0.5
28,East,4/10/2005,1998,6-Jun,Vince Carter,SF,2004-2005,2005,6,New Jersey Nets,220,0.5
25,West,4/10/2005,1999,3-Jun,Baron Davis,G,2004-2005,2005,5,Golden State Warriors,215,0.5
39,East,4/3/2005,1987,7-Jun,Reggie Miller,SG,2004-2005,2005,17,Indiana Pacers,185,0.5
25,West,4/3/2005,1999,3-Jun,Baron Davis,G,2004-2005,2005,5,Golden State Warriors,215,0.5
29,East,3/27/2005,1996,Jun-00,Allen Iverson,G,2004-2005,2005,8,Philadelphia Sixers,165,0.5
29,West,3/27/2005,1996,5-Jun,Ray Allen,SG,2004-2005,2005,8,Seattle SuperSonics,205,0.5
28,East,3/20/2005,1997,3-Jun,Chauncey Billups,G,2004-2005,2005,7,Detroit Pistons,210,0.5
24,West,3/20/2005,2001,6-Jun,Jason Richardson,GF,2004-2005,2005,3,Golden State Warriors,225,0.5
27,East,3/13/2005,1998,7-Jun,Paul Pierce,SF,2004-2005,2005,6,Boston Celtics,235,0.5
25,West,3/13/2005,1997,8-Jun,Tracy McGrady,GF,2004-2005,2005,7,Houston Rockets,210,0.5
29,East,3/6/2005,1996,Jun-00,Allen Iverson,G,2004-2005,2005,8,Philadelphia Sixers,165,0.5
30,West,3/6/2005,1996,11-Jun,Marcus Camby,C,2004-2005,2005,8,Denver Nuggets,240,0.5
32,East,2/27/2005,1994,8-Jun,Jalen Rose,G,2004-2005,2005,10,Toronto Raptors,210,0.5
26,West,2/27/2005,1998,2-Jun,Mike Bibby,G,2004-2005,2005,6,Sacramento Kings,195,0.5
29,East,2/13/2005,1996,Jun-00,Allen Iverson,G,2004-2005,2005,8,Philadelphia Sixers,165,0.5
31,West,2/13/2005,1996,3-Jun,Steve Nash,G,2004-2005,2005,8,Phoenix Suns,178,0.5
27,East,2/6/2005,1998,7-Jun,Paul Pierce,SF,2004-2005,2005,6,Boston Celtics,235,0.5
25,West,2/6/2005,1997,8-Jun,Tracy McGrady,GF,2004-2005,2005,7,Houston Rockets,210,0.5
28,East,1/30/2005,1998,6-Jun,Vince Carter,SF,2004-2005,2005,6,New Jersey Nets,220,0.5
28,West,1/30/2005,1998,Jul-00,Brad Miller,C,2004-2005,2005,6,Sacramento Kings,261,0.5
20,East,1/23/2005,2003,8-Jun,LeBron James,F,2004-2005,2005,1,Cleveland Cavaliers,250,0.5
27,West,1/23/2005,1999,2-Jun,Jason Terry,G,2004-2005,2005,5,Dallas Mavericks,185,0.5
26,East,1/16/2005,1998,5-Jun,Larry Hughes,G,2004-2005,2005,6,Washington Wizards,184,0.5
25,West,1/16/2005,1997,8-Jun,Tracy McGrady,GF,2004-2005,2005,7,Houston Rockets,210,0.5
20,East,1/9/2005,2003,11-Jun,Chris Bosh,PF,2004-2005,2005,1,Toronto Raptors,235,0.5
33,West,1/9/2005,1993,7-Jun,Bruce Bowen,F,2004-2005,2005,9,San Antonio Spurs,200,0.5
28,East,1/2/2005,1996,2-Jun,Stephon Marbury,G,2004-2005,2005,8,New York Knicks,180,0.5
24,West,1/2/2005,2001,Jul-00,Pau Gasol,FC,2004-2005,2005,3,Memphis Grizzlies,250,0.5
29,East,12/26/2004,1996,Jun-00,Allen Iverson,G,2004-2005,2005,8,Philadelphia Sixers,165,0.5
31,West,12/26/2004,1996,3-Jun,Steve Nash,G,2004-2005,2005,8,Phoenix Suns,178,0.5
32,East,12/19/2004,1992,1-Jul,Shaquille O'Neal,C,2004-2005,2005,12,Miami Heat,325,0.5
26,West,12/19/2004,1999,7-Jun,Shawn Marion,F,2004-2005,2005,5,Phoenix Suns,228,0.5
24,East,12/12/2004,2001,7-Jun,Richard Jefferson,SF,2004-2005,2005,3,New Jersey Nets,233,0.5
22,West,12/12/2004,2002,10-Jun,Amar'e Stoudemire,FC,2004-2005,2005,2,Phoenix Suns,245,0.5
23,East,12/5/2004,2001,3-Jun,Gilbert Arenas,G,2004-2005,2005,3,Washington Wizards,191,0.5
26,West,12/5/2004,1998,Jul-00,Dirk Nowitzki,PF,2004-2005,2005,6,Dallas Mavericks,245,0.5
20,East,11/28/2004,2003,8-Jun,LeBron James,F,2004-2005,2005,1,Cleveland Cavaliers,250,0.5
26,West,11/28/2004,1999,7-Jun,Shawn Marion,F,2004-2005,2005,5,Phoenix Suns,228,0.5
32,East,11/21/2004,1994,8-Jun,Grant Hill,SF,2004-2005,2005,10,Orlando Magic,225,0.5
22,West,11/21/2004,2002,10-Jun,Amar'e Stoudemire,FC,2004-2005,2005,2,Phoenix Suns,245,0.5
20,East,11/14/2004,2003,8-Jun,LeBron James,F,2004-2005,2005,1,Cleveland Cavaliers,250,0.5
29,West,11/14/2004,1996,5-Jun,Ray Allen,SG,2004-2005,2005,8,Seattle SuperSonics,205,0.5
23,East,11/7/2004,2003,4-Jun,Dwyane Wade,SG,2004-2005,2005,1,Miami Heat,220,0.5
28,West,11/7/2004,1995,11-Jun,Kevin Garnett,PF,2004-2005,2005,9,Minnesota Timberwolves,240,0.5
22,East,4/16/2006,2004,3-Jun,Ben Gordon,SG,2005-2006,2006,1,Chicago Bulls,200,0.5
27,West,4/16/2006,1996,6-Jun,Kobe Bryant,SG,2005-2006,2006,9,Los Angeles Lakers,212,0.5
25,East,4/9/2006,2000,5-Jun,Jamal Crawford,SG,2005-2006,2006,5,New York Knicks,195,0.5
23,West,4/9/2006,2002,10-Jun,Chris Wilcox,FC,2005-2006,2006,3,Seattle SuperSonics,235,0.5
21,East,4/2/2006,2003,8-Jun,LeBron James,F,2005-2006,2006,2,Cleveland Cavaliers,250,0.5
25,West,4/2/2006,2002,6-Jul,Yao Ming,C,2005-2006,2006,3,Houston Rockets,310,0.5
21,East,3/26/2006,2003,8-Jun,LeBron James,F,2005-2006,2006,2,Cleveland Cavaliers,250,0.5
25,West,3/26/2006,2001,Jul-00,Pau Gasol,FC,2005-2006,2006,4,Memphis Grizzlies,250,0.5
21,East,3/19/2006,2003,8-Jun,LeBron James,F,2005-2006,2006,2,Cleveland Cavaliers,250,0.5
21,West,3/19/2006,2003,8-Jun,Carmelo Anthony,F,2005-2006,2006,2,Denver Nuggets,240,0.5
28,East,3/12/2006,1998,7-Jun,Paul Pierce,SF,2005-2006,2006,7,Boston Celtics,235,0.5
27,West,3/12/2006,1998,2-Jun,Mike Bibby,G,2005-2006,2006,7,Sacramento Kings,195,0.5
30,East,3/5/2006,1996,Jun-00,Allen Iverson,G,2005-2006,2006,9,Philadelphia Sixers,165,0.5
25,West,3/5/2006,2001,Jul-00,Pau Gasol,FC,2005-2006,2006,4,Memphis Grizzlies,250,0.5
24,East,2/27/2006,2001,3-Jun,Gilbert Arenas,G,2005-2006,2006,4,Washington Wizards,191,0.5
25,West,2/27/2006,2002,6-Jul,Yao Ming,C,2005-2006,2006,3,Houston Rockets,310,0.5
24,East,2/13/2006,2001,3-Jun,Gilbert Arenas,G,2005-2006,2006,4,Washington Wizards,191,0.5
23,West,2/13/2006,2001,2-Jun,Tony Parker,G,2005-2006,2006,4,San Antonio Spurs,185,0.5
21,East,2/6/2006,2003,11-Jun,Chris Bosh,PF,2005-2006,2006,2,Toronto Raptors,235,0.5
20,West,2/6/2006,2005,Jun-00,Chris Paul,PG,2005-2006,2006,0,New Orleans Hornets,175,0.5
21,East,1/30/2006,2003,8-Jun,LeBron James,F,2005-2006,2006,2,Cleveland Cavaliers,250,0.5
26,West,1/30/2006,1999,9-Jun,Elton Brand,PF,2005-2006,2006,6,Los Angeles Clippers,254,0.5
28,East,1/22/2006,1999,7-Jun,Richard Hamilton,SG,2005-2006,2006,6,Detroit Pistons,193,0.5
27,West,1/22/2006,1996,6-Jun,Kobe Bryant,SG,2005-2006,2006,9,Los Angeles Lakers,212,0.5
30,East,1/15/2006,1996,Jun-00,Allen Iverson,G,2005-2006,2006,9,Philadelphia Sixers,165,0.5
29,West,1/15/2006,1995,11-Jun,Kevin Garnett,PF,2005-2006,2006,10,Minnesota Timberwolves,240,0.5
30,East,1/8/2006,1998,2-Jun,Mike James,G,2005-2006,2006,4,Toronto Raptors,188,0.5
32,West,1/8/2006,1996,3-Jun,Steve Nash,G,2005-2006,2006,9,Phoenix Suns,178,0.5
24,East,1/1/2006,2003,4-Jun,Dwyane Wade,SG,2005-2006,2006,2,Miami Heat,220,0.5
27,West,1/1/2006,1999,7-Jun,Shawn Marion,F,2005-2006,2006,6,Phoenix Suns,228,0.5
29,East,12/26/2005,1998,6-Jun,Vince Carter,SF,2005-2006,2006,7,New Jersey Nets,220,0.5
27,West,12/26/2005,1996,6-Jun,Kobe Bryant,SG,2005-2006,2006,9,Los Angeles Lakers,212,0.5
24,East,12/19/2005,2001,7-Jun,Joe Johnson,SG,2005-2006,2006,4,Atlanta Hawks,240,0.5
27,West,12/19/2005,1996,6-Jun,Kobe Bryant,SG,2005-2006,2006,9,Los Angeles Lakers,212,0.5
30,East,12/12/2005,1996,Jun-00,Allen Iverson,G,2005-2006,2006,9,Philadelphia Sixers,165,0.5
26,West,12/12/2005,1999,9-Jun,Elton Brand,PF,2005-2006,2006,6,Los Angeles Clippers,254,0.5
24,East,12/5/2005,2003,4-Jun,Dwyane Wade,SG,2005-2006,2006,2,Miami Heat,220,0.5
26,West,12/5/2005,1999,3-Jun,Baron Davis,G,2005-2006,2006,6,Golden State Warriors,215,0.5
23,East,11/28/2005,2001,7-Jun,Gerald Wallace,F,2005-2006,2006,4,Charlotte Bobcats,220,0.5
32,West,11/28/2005,1996,3-Jun,Steve Nash,G,2005-2006,2006,9,Phoenix Suns,178,0.5
21,East,11/21/2005,2003,8-Jun,LeBron James,F,2005-2006,2006,2,Cleveland Cavaliers,250,0.5
26,West,11/21/2005,1999,9-Jun,Elton Brand,PF,2005-2006,2006,6,Los Angeles Clippers,254,0.5
24,East,11/14/2005,2001,3-Jun,Gilbert Arenas,G,2005-2006,2006,4,Washington Wizards,191,0.5
31,West,11/14/2005,1996,11-Jun,Marcus Camby,C,2005-2006,2006,9,Denver Nuggets,240,0.5
22,East,11/7/2005,2003,Jun-00,T.J. Ford,PG,2005-2006,2006,2,Milwaukee Bucks,165,0.5
27,West,11/7/2005,1996,6-Jun,Kobe Bryant,SG,2005-2006,2006,9,Los Angeles Lakers,212,0.5
23,East,4/15/2007,2004,3-Jun,Ben Gordon,SG,2006-2007,2007,2,Chicago Bulls,200,0.5
27,West,4/15/2007,1997,8-Jun,Tracy McGrady,GF,2006-2007,2007,9,Houston Rockets,210,0.5
24,East,4/8/2007,2001,7-Jun,Gerald Wallace,F,2006-2007,2007,5,Charlotte Bobcats,220,0.5
30,West,4/8/2007,1997,11-Jun,Tim Duncan,FC,2006-2007,2007,9,San Antonio Spurs,250,0.5
22,East,4/1/2007,2003,11-Jun,Chris Bosh,PF,2006-2007,2007,3,Toronto Raptors,235,0.5
26,West,4/1/2007,2002,6-Jul,Yao Ming,C,2006-2007,2007,4,Houston Rockets,310,0.5
24,East,3/25/2007,2001,7-Jun,Gerald Wallace,F,2006-2007,2007,5,Charlotte Bobcats,220,0.5
28,West,3/25/2007,1996,6-Jun,Kobe Bryant,SG,2006-2007,2007,10,Los Angeles Lakers,212,0.5
33,East,3/18/2007,1994,4-Jun,Jason Kidd,PG,2006-2007,2007,12,New Jersey Nets,210,0.5
28,West,3/18/2007,1996,6-Jun,Kobe Bryant,SG,2006-2007,2007,10,Los Angeles Lakers,212,0.5
22,East,3/11/2007,2003,8-Jun,LeBron James,F,2006-2007,2007,3,Cleveland Cavaliers,250,0.5
29,West,3/11/2007,1999,6-Jun,Manu Ginobili,SG,2006-2007,2007,4,San Antonio Spurs,205,0.5
22,East,3/4/2007,2004,10-Jun,Al Jefferson,FC,2006-2007,2007,2,Boston Celtics,289,0.5
24,West,3/4/2007,2004,7-Jun,Kevin Martin,SG,2006-2007,2007,2,Sacramento Kings,199,0.5
30,East,2/25/2007,1998,6-Jun,Vince Carter,SF,2006-2007,2007,8,New Jersey Nets,220,0.5
24,West,2/25/2007,2002,10-Jun,Amar'e Stoudemire,FC,2006-2007,2007,4,Phoenix Suns,245,0.5
25,East,2/11/2007,2003,4-Jun,Dwyane Wade,SG,2006-2007,2007,3,Miami Heat,220,0.5
22,West,2/11/2007,2003,8-Jun,Carmelo Anthony,F,2006-2007,2007,3,Denver Nuggets,240,0.5
25,East,2/4/2007,2003,4-Jun,Dwyane Wade,SG,2006-2007,2007,3,Miami Heat,220,0.5
27,West,2/4/2007,2001,11-Jun,Mehmet Okur,FC,2006-2007,2007,4,Utah Jazz,249,0.5
23,East,1/28/2007,2004,3-Jun,Ben Gordon,SG,2006-2007,2007,2,Chicago Bulls,200,0.5
33,West,1/28/2007,1996,3-Jun,Steve Nash,G,2006-2007,2007,10,Phoenix Suns,178,0.5
26,East,1/21/2007,2002,7-Jun,Caron Butler,SF,2006-2007,2007,4,Washington Wizards,228,0.5
33,West,1/21/2007,1996,3-Jun,Steve Nash,G,2006-2007,2007,10,Phoenix Suns,178,0.5
25,East,1/14/2007,2003,4-Jun,Dwyane Wade,SG,2006-2007,2007,3,Miami Heat,220,0.5
28,West,1/14/2007,1998,Jul-00,Dirk Nowitzki,PF,2006-2007,2007,8,Dallas Mavericks,245,0.5
25,East,1/7/2007,2001,3-Jun,Gilbert Arenas,G,2006-2007,2007,5,Washington Wizards,191,0.5
30,West,1/7/2007,1995,11-Jun,Kevin Garnett,PF,2006-2007,2007,11,Minnesota Timberwolves,240,0.5
27,East,12/31/2006,2000,6-Jun,Michael Redd,G,2006-2007,2007,6,Milwaukee Bucks,220,0.5
26,West,12/31/2006,2003,7-Jun,Josh Howard,GF,2006-2007,2007,3,Dallas Mavericks,210,0.5
24,East,12/24/2006,2003,1-Jun,Mo Williams,G,2006-2007,2007,3,Milwaukee Bucks,198,0.5
26,West,12/24/2006,2003,7-Jun,Josh Howard,GF,2006-2007,2007,3,Dallas Mavericks,210,0.5
25,East,12/17/2006,2001,3-Jun,Gilbert Arenas,G,2006-2007,2007,5,Washington Wizards,191,0.5
25,West,12/17/2006,2002,9-Jun,Carlos Boozer,PF,2006-2007,2007,4,Utah Jazz,266,0.5
25,East,12/10/2006,2001,3-Jun,Gilbert Arenas,G,2006-2007,2007,5,Washington Wizards,191,0.5
33,West,12/10/2006,1996,3-Jun,Steve Nash,G,2006-2007,2007,10,Phoenix Suns,178,0.5
27,East,12/3/2006,2000,6-Jun,Michael Redd,G,2006-2007,2007,6,Milwaukee Bucks,220,0.5
22,West,12/3/2006,2003,8-Jun,Carmelo Anthony,F,2006-2007,2007,3,Denver Nuggets,240,0.5
21,East,11/26/2006,2004,11-Jun,Dwight Howard,C,2006-2007,2007,2,Orlando Magic,265,0.5
22,West,11/26/2006,2003,8-Jun,Carmelo Anthony,F,2006-2007,2007,3,Denver Nuggets,240,0.5
22,East,11/19/2006,2003,8-Jun,LeBron James,F,2006-2007,2007,3,Cleveland Cavaliers,250,0.5
28,West,11/19/2006,1998,Jul-00,Dirk Nowitzki,PF,2006-2007,2007,8,Dallas Mavericks,245,0.5
25,East,11/12/2006,2001,7-Jun,Joe Johnson,SG,2006-2007,2007,5,Atlanta Hawks,240,0.5
26,West,11/12/2006,2002,6-Jul,Yao Ming,C,2006-2007,2007,4,Houston Rockets,310,0.5
31,East,11/6/2006,1996,Jun-00,Allen Iverson,G,2006-2007,2007,10,Philadelphia Sixers,165,0.5
25,West,11/6/2006,2002,9-Jun,Carlos Boozer,PF,2006-2007,2007,4,Utah Jazz,266,0.5
31,East,4/13/2008,1995,11-Jun,Kevin Garnett,PF,2007-2008,2008,12,Boston Celtics,240,0.5
32,West,4/13/2008,1996,Jun-00,Allen Iverson,G,2007-2008,2008,11,Denver Nuggets,165,0.5
26,East,4/6/2008,2001,7-Jun,Joe Johnson,SG,2007-2008,2008,6,Atlanta Hawks,240,0.5
29,West,4/6/2008,1996,6-Jun,Kobe Bryant,SG,2007-2008,2008,11,Los Angeles Lakers,212,0.5
27,East,3/30/2008,2001,6-Jun,Jason Richardson,GF,2007-2008,2008,6,Charlotte Bobcats,225,0.5
23,West,3/30/2008,2003,8-Jun,Carmelo Anthony,F,2007-2008,2008,4,Denver Nuggets,240,0.5
31,East,3/23/2008,1995,11-Jun,Kevin Garnett,PF,2007-2008,2008,12,Boston Celtics,240,0.5
22,West,3/23/2008,2005,Jun-00,Chris Paul,PG,2007-2008,2008,2,New Orleans Hornets,175,0.5
31,East,3/16/2008,1998,9-Jun,Antawn Jamison,F,2007-2008,2008,9,Washington Wizards,235,0.5
25,West,3/16/2008,2002,10-Jun,Amar'e Stoudemire,FC,2007-2008,2008,5,Phoenix Suns,245,0.5
27,East,3/9/2008,2001,6-Jun,Jason Richardson,GF,2007-2008,2008,6,Charlotte Bobcats,225,0.5
28,West,3/9/2008,1997,8-Jun,Tracy McGrady,GF,2007-2008,2008,10,Houston Rockets,210,0.5
31,East,3/2/2008,1999,3-Jun,Andre Miller,PG,2007-2008,2008,8,Philadelphia Sixers,200,0.5
29,West,3/2/2008,1996,6-Jun,Kobe Bryant,SG,2007-2008,2008,11,Los Angeles Lakers,212,0.5
23,East,2/24/2008,2003,8-Jun,LeBron James,F,2007-2008,2008,4,Cleveland Cavaliers,250,0.5
30,West,2/24/2008,1999,6-Jun,Manu Ginobili,SG,2007-2008,2008,5,San Antonio Spurs,205,0.5
31,East,2/10/2008,1999,3-Jun,Andre Miller,PG,2007-2008,2008,8,Philadelphia Sixers,200,0.5
25,West,2/10/2008,2002,10-Jun,Amar'e Stoudemire,FC,2007-2008,2008,5,Phoenix Suns,245,0.5
28,East,2/3/2008,2000,10-Jun,Hedo Turkoglu,F,2007-2008,2008,7,Orlando Magic,220,0.5
31,West,2/3/2008,1998,Jul-00,Brad Miller,C,2007-2008,2008,9,Sacramento Kings,261,0.5
28,East,1/27/2008,2000,10-Jun,Hedo Turkoglu,F,2007-2008,2008,7,Orlando Magic,220,0.5
23,West,1/27/2008,2004,10-Jun,Al Jefferson,FC,2007-2008,2008,3,Minnesota Timberwolves,289,0.5
25,East,1/20/2008,2001,7-Jun,Gerald Wallace,F,2007-2008,2008,6,Charlotte Bobcats,220,0.5
28,West,1/20/2008,1999,3-Jun,Baron Davis,G,2007-2008,2008,8,Golden State Warriors,215,0.5
23,East,1/13/2008,2003,11-Jun,Chris Bosh,PF,2007-2008,2008,4,Toronto Raptors,235,0.5
29,West,1/13/2008,1996,6-Jun,Kobe Bryant,SG,2007-2008,2008,11,Los Angeles Lakers,212,0.5
23,East,1/6/2008,2003,8-Jun,LeBron James,F,2007-2008,2008,4,Cleveland Cavaliers,250,0.5
32,West,1/6/2008,1996,Jun-00,Allen Iverson,G,2007-2008,2008,11,Denver Nuggets,165,0.5
30,East,12/30/2007,1998,7-Jun,Paul Pierce,SF,2007-2008,2008,9,Boston Celtics,235,0.5
22,West,12/30/2007,2005,Jun-00,Chris Paul,PG,2007-2008,2008,2,New Orleans Hornets,175,0.5
26,East,12/23/2007,2001,7-Jun,Joe Johnson,SG,2007-2008,2008,6,Atlanta Hawks,240,0.5
23,West,12/23/2007,2003,8-Jun,Carmelo Anthony,F,2007-2008,2008,4,Denver Nuggets,240,0.5
30,East,12/16/2007,1998,7-Jun,Paul Pierce,SF,2007-2008,2008,9,Boston Celtics,235,0.5
23,West,12/16/2007,2006,6-Jun,Brandon Roy,G,2007-2008,2008,1,Portland Trail Blazers,211,0.5
22,East,12/9/2007,2004,9-Jun,Josh Smith,PF,2007-2008,2008,3,Atlanta Hawks,225,0.5
23,West,12/9/2007,2006,6-Jun,Brandon Roy,G,2007-2008,2008,1,Portland Trail Blazers,211,0.5
22,East,12/2/2007,2004,11-Jun,Dwight Howard,C,2007-2008,2008,3,Orlando Magic,265,0.5
29,West,12/2/2007,1997,8-Jun,Stephen Jackson,GF,2007-2008,2008,10,Golden State Warriors,220,0.5
23,East,11/25/2007,2003,8-Jun,LeBron James,F,2007-2008,2008,4,Cleveland Cavaliers,250,0.5
25,West,11/25/2007,2001,2-Jun,Tony Parker,G,2007-2008,2008,6,San Antonio Spurs,185,0.5
22,East,11/18/2007,2004,11-Jun,Dwight Howard,C,2007-2008,2008,3,Orlando Magic,265,0.5
32,West,11/18/2007,1996,Jun-00,Allen Iverson,G,2007-2008,2008,11,Denver Nuggets,165,0.5
31,East,11/11/2007,1995,11-Jun,Kevin Garnett,PF,2007-2008,2008,12,Boston Celtics,240,0.5
27,West,11/11/2007,2002,6-Jul,Yao Ming,C,2007-2008,2008,5,Houston Rockets,310,0.5
24,East,11/4/2007,2005,9-Jun,Danny Granger,GF,2007-2008,2008,2,Indiana Pacers,222,0.5
28,West,11/4/2007,1997,8-Jun,Tracy McGrady,GF,2007-2008,2008,10,Houston Rockets,210,0.5
25,East,4/13/2009,2004,3-Jun,Ben Gordon,SG,2008-2009,2009,4,Chicago Bulls,200,0.5
24,West,4/13/2009,2006,6-Jun,Brandon Roy,G,2008-2009,2009,2,Portland Trail Blazers,211,0.5
23,East,4/6/2009,2004,11-Jun,Dwight Howard,C,2008-2009,2009,4,Orlando Magic,265,0.5
35,West,4/6/2009,1994,4-Jun,Jason Kidd,PG,2008-2009,2009,14,Dallas Mavericks,210,0.5
23,East,3/30/2009,2004,11-Jun,Dwight Howard,C,2008-2009,2009,4,Orlando Magic,265,0.5
26,West,3/30/2009,2001,2-Jun,Tony Parker,G,2008-2009,2009,7,San Antonio Spurs,185,0.5
24,East,3/23/2009,2003,8-Jun,LeBron James,F,2008-2009,2009,5,Cleveland Cavaliers,250,0.5
23,West,3/23/2009,2005,Jun-00,Chris Paul,PG,2008-2009,2009,3,New Orleans Hornets,175,0.5
24,East,3/16/2009,2003,8-Jun,LeBron James,F,2008-2009,2009,5,Cleveland Cavaliers,250,0.5
30,West,3/16/2009,1996,6-Jun,Kobe Bryant,SG,2008-2009,2009,12,Los Angeles Lakers,212,0.5
27,East,3/9/2009,2003,4-Jun,Dwyane Wade,SG,2008-2009,2009,5,Miami Heat,220,0.5
24,West,3/9/2009,2005,3-Jun,Deron Williams,PG,2008-2009,2009,3,Utah Jazz,200,0.5
26,East,3/2/2009,2004,3-Jun,Devin Harris,G,2008-2009,2009,4,New Jersey Nets,185,0.5
28,West,3/2/2009,2003,9-Jun,David West,PF,2008-2009,2009,5,New Orleans Hornets,250,0.5
23,East,2/23/2009,2004,11-Jun,Dwight Howard,C,2008-2009,2009,4,Orlando Magic,265,0.5
28,West,2/23/2009,2001,Jul-00,Pau Gasol,FC,2008-2009,2009,7,Los Angeles Lakers,250,0.5
24,East,2/9/2009,2003,8-Jun,LeBron James,F,2008-2009,2009,5,Cleveland Cavaliers,250,0.5
28,West,2/9/2009,2001,Jul-00,Pau Gasol,FC,2008-2009,2009,7,Los Angeles Lakers,250,0.5
25,East,2/2/2009,2005,9-Jun,David Lee,FC,2008-2009,2009,3,New York Knicks,245,0.5
26,West,2/2/2009,2001,2-Jun,Tony Parker,G,2008-2009,2009,7,San Antonio Spurs,185,0.5
24,East,1/26/2009,2003,8-Jun,LeBron James,F,2008-2009,2009,5,Cleveland Cavaliers,250,0.5
21,West,1/26/2009,2005,Jul-00,Andrew Bynum,C,2008-2009,2009,3,Los Angeles Lakers,285,0.5
27,East,1/19/2009,2004,Jun-00,Jameer Nelson,G,2008-2009,2009,4,Orlando Magic,190,0.5
23,West,1/19/2009,2005,Jun-00,Chris Paul,PG,2008-2009,2009,3,New Orleans Hornets,175,0.5
23,East,1/12/2009,2004,11-Jun,Dwight Howard,C,2008-2009,2009,4,Orlando Magic,265,0.5
30,West,1/12/2009,1996,6-Jun,Kobe Bryant,SG,2008-2009,2009,12,Los Angeles Lakers,212,0.5
22,East,1/5/2009,2007,5-Jun,Rodney Stuckey,G,2008-2009,2009,1,Detroit Pistons,205,0.5
24,West,1/5/2009,2004,10-Jun,Al Jefferson,FC,2008-2009,2009,4,Minnesota Timberwolves,289,0.5
24,East,12/29/2008,2003,8-Jun,LeBron James,F,2008-2009,2009,5,Cleveland Cavaliers,250,0.5
30,West,12/29/2008,1996,6-Jun,Kobe Bryant,SG,2008-2009,2009,12,Los Angeles Lakers,212,0.5
27,East,12/22/2008,2004,Jun-00,Jameer Nelson,G,2008-2009,2009,4,Orlando Magic,190,0.5
23,West,12/22/2008,2005,Jun-00,Chris Paul,PG,2008-2009,2009,3,New Orleans Hornets,175,0.5
29,East,12/15/2008,1998,9-Jun,Al Harrington,F,2008-2009,2009,10,New York Knicks,245,0.5
32,West,12/15/2008,1997,11-Jun,Tim Duncan,FC,2008-2009,2009,11,San Antonio Spurs,250,0.5
27,East,12/8/2008,2003,4-Jun,Dwyane Wade,SG,2008-2009,2009,5,Miami Heat,220,0.5
30,West,12/8/2008,1998,Jul-00,Dirk Nowitzki,PF,2008-2009,2009,10,Dallas Mavericks,245,0.5
26,East,12/1/2008,2004,3-Jun,Devin Harris,G,2008-2009,2009,4,New Jersey Nets,185,0.5
24,West,12/1/2008,2006,6-Jun,Brandon Roy,G,2008-2009,2009,2,Portland Trail Blazers,211,0.5
27,East,11/24/2008,2003,4-Jun,Dwyane Wade,SG,2008-2009,2009,5,Miami Heat,220,0.5
30,West,11/24/2008,1998,Jul-00,Dirk Nowitzki,PF,2008-2009,2009,10,Dallas Mavericks,245,0.5
24,East,11/17/2008,2003,8-Jun,LeBron James,F,2008-2009,2009,5,Cleveland Cavaliers,250,0.5
32,West,11/17/2008,1997,3-Jun,Chauncey Billups,G,2008-2009,2009,11,Denver Nuggets,210,0.5
24,East,11/10/2008,2003,8-Jun,LeBron James,F,2008-2009,2009,5,Cleveland Cavaliers,250,0.5
26,West,11/10/2008,2002,10-Jun,Amar'e Stoudemire,FC,2008-2009,2009,6,Phoenix Suns,245,0.5
24,East,11/3/2008,2003,11-Jun,Chris Bosh,PF,2008-2009,2009,5,Toronto Raptors,235,0.5
23,West,11/3/2008,2005,Jun-00,Chris Paul,PG,2008-2009,2009,3,New Orleans Hornets,175,0.5
24,East,4/12/2010,2004,11-Jun,Dwight Howard,C,2009-2010,2010,5,Orlando Magic,265,0.5
31,West,4/12/2010,1998,Jul-00,Dirk Nowitzki,PF,2009-2010,2010,11,Dallas Mavericks,245,0.5
25,East,4/5/2010,2003,11-Jun,Chris Bosh,PF,2009-2010,2010,6,Toronto Raptors,235,0.5
21,West,4/5/2010,2007,9-Jun,Kevin Durant,SF,2009-2010,2010,2,Oklahoma City Thunder,240,0.5
28,East,3/29/2010,2003,4-Jun,Dwyane Wade,SG,2009-2010,2010,6,Miami Heat,220,0.5
32,West,3/29/2010,1999,6-Jun,Manu Ginobili,SG,2009-2010,2010,7,San Antonio Spurs,205,0.5
32,East,3/22/2010,1998,7-Jun,Paul Pierce,SF,2009-2010,2010,11,Boston Celtics,235,0.5
29,West,3/22/2010,2001,Jul-00,Pau Gasol,FC,2009-2010,2010,8,Los Angeles Lakers,250,0.5
25,East,3/15/2010,2005,Jul-00,Andrew Bogut,C,2009-2010,2010,4,Milwaukee Bucks,260,0.5
25,West,3/15/2010,2006,6-Jun,Brandon Roy,G,2009-2010,2010,3,Portland Trail Blazers,211,0.5
28,East,3/8/2010,2003,4-Jun,Dwyane Wade,SG,2009-2010,2010,6,Miami Heat,220,0.5
31,West,3/8/2010,1998,Jul-00,Dirk Nowitzki,PF,2009-2010,2010,11,Dallas Mavericks,245,0.5
25,East,3/1/2010,2003,8-Jun,LeBron James,F,2009-2010,2010,6,Cleveland Cavaliers,250,0.5
31,West,3/1/2010,1998,Jul-00,Dirk Nowitzki,PF,2009-2010,2010,11,Dallas Mavericks,245,0.5
24,East,2/22/2010,2004,11-Jun,Dwight Howard,C,2009-2010,2010,5,Orlando Magic,265,0.5
28,West,2/22/2010,2002,9-Jun,Carlos Boozer,PF,2009-2010,2010,7,Utah Jazz,266,0.5
25,East,2/8/2010,2003,8-Jun,LeBron James,F,2009-2010,2010,6,Cleveland Cavaliers,250,0.5
21,West,2/8/2010,2008,3-Jun,Russell Westbrook,G,2009-2010,2010,1,Oklahoma City Thunder,200,0.5
25,East,2/1/2010,2003,11-Jun,Chris Bosh,PF,2009-2010,2010,6,Toronto Raptors,235,0.5
21,West,2/1/2010,2007,9-Jun,Kevin Durant,SF,2009-2010,2010,2,Oklahoma City Thunder,240,0.5
25,East,1/25/2010,2003,8-Jun,LeBron James,F,2009-2010,2010,6,Cleveland Cavaliers,250,0.5
33,West,1/25/2010,1997,3-Jun,Chauncey Billups,G,2009-2010,2010,12,Denver Nuggets,210,0.5
31,East,1/19/2010,1997,8-Jun,Stephen Jackson,GF,2009-2010,2010,12,Charlotte Bobcats,220,0.5
25,West,1/19/2010,2003,8-Jun,Carmelo Anthony,F,2009-2010,2010,6,Denver Nuggets,240,0.5
25,East,1/11/2010,2003,8-Jun,LeBron James,F,2009-2010,2010,6,Cleveland Cavaliers,250,0.5
27,East,1/11/2010,2003,Jul-00,Chris Kaman,C,2009-2010,2010,6,Los Angeles Clippers,265,0.5
21,East,1/4/2010,2008,3-Jun,Derrick Rose,PG,2009-2010,2010,1,Chicago Bulls,190,0.5
21,West,1/4/2010,2007,9-Jun,Kevin Durant,SF,2009-2010,2010,2,Oklahoma City Thunder,240,0.5
25,East,12/28/2009,2003,8-Jun,LeBron James,F,2009-2010,2010,6,Cleveland Cavaliers,250,0.5
31,West,12/28/2009,1996,6-Jun,Kobe Bryant,SG,2009-2010,2010,13,Los Angeles Lakers,212,0.5
24,East,12/21/2009,2004,11-Jun,Dwight Howard,C,2009-2010,2010,5,Orlando Magic,265,0.5
31,West,12/21/2009,1996,6-Jun,Kobe Bryant,SG,2009-2010,2010,13,Los Angeles Lakers,212,0.5
23,East,12/14/2009,2007,5-Jun,Rodney Stuckey,G,2009-2010,2010,2,Detroit Pistons,205,0.5
25,West,12/14/2009,2005,3-Jun,Deron Williams,PG,2009-2010,2010,4,Utah Jazz,200,0.5
33,East,12/7/2009,1995,11-Jun,Kevin Garnett,PF,2009-2010,2010,14,Boston Celtics,240,0.5
28,West,12/7/2009,2002,9-Jun,Carlos Boozer,PF,2009-2010,2010,7,Utah Jazz,266,0.5
27,East,11/30/2009,2001,7-Jun,Gerald Wallace,F,2009-2010,2010,8,Charlotte Bobcats,220,0.5
33,West,11/30/2009,1997,11-Jun,Tim Duncan,FC,2009-2010,2010,12,San Antonio Spurs,250,0.5
25,East,11/23/2009,2003,8-Jun,LeBron James,F,2009-2010,2010,6,Cleveland Cavaliers,250,0.5
31,West,11/23/2009,1996,6-Jun,Kobe Bryant,SG,2009-2010,2010,13,Los Angeles Lakers,212,0.5
20,East,11/16/2009,2009,1-Jun,Brandon Jennings,G,2009-2010,2010,0,Milwaukee Bucks,170,0.5
31,West,11/16/2009,1998,Jul-00,Dirk Nowitzki,PF,2009-2010,2010,11,Dallas Mavericks,245,0.5
28,East,11/9/2009,2001,7-Jun,Joe Johnson,SG,2009-2010,2010,8,Atlanta Hawks,240,0.5
27,West,11/9/2009,2003,Jul-00,Chris Kaman,C,2009-2010,2010,6,Los Angeles Clippers,265,0.5
24,East,11/2/2009,2004,11-Jun,Dwight Howard,C,2009-2010,2010,5,Orlando Magic,265,0.5
25,West,11/2/2009,2003,8-Jun,Carmelo Anthony,F,2009-2010,2010,6,Denver Nuggets,240,0.5
26,East,4/11/2011,2003,8-Jun,Carmelo Anthony,F,2010-2011,2011,7,New York Knicks,240,0.5
22,West,4/11/2011,2007,9-Jun,Kevin Durant,SF,2010-2011,2011,3,Oklahoma City Thunder,240,0.5
26,East,4/4/2011,2003,8-Jun,Carmelo Anthony,F,2010-2011,2011,7,New York Knicks,240,0.5
29,West,4/4/2011,2001,9-Jun,Zach Randolph,PF,2010-2011,2011,9,Memphis Grizzlies,260,0.5
25,East,3/28/2011,2004,11-Jun,Dwight Howard,C,2010-2011,2011,6,Orlando Magic,265,0.5
32,West,3/28/2011,1996,6-Jun,Kobe Bryant,SG,2010-2011,2011,14,Los Angeles Lakers,212,0.5
26,East,3/21/2011,2003,8-Jun,LeBron James,F,2010-2011,2011,7,Miami Heat,250,0.5
24,West,3/21/2011,2006,1-Jun,Kyle Lowry,PG,2010-2011,2011,4,Houston Rockets,196,0.5
29,East,3/14/2011,2003,4-Jun,Dwyane Wade,SG,2010-2011,2011,7,Miami Heat,220,0.5
28,West,3/14/2011,2001,2-Jun,Tony Parker,G,2010-2011,2011,9,San Antonio Spurs,185,0.5
33,East,3/7/2011,1998,7-Jun,Paul Pierce,SF,2010-2011,2011,12,Boston Celtics,235,0.5
22,West,3/7/2011,2008,3-Jun,Russell Westbrook,G,2010-2011,2011,2,Oklahoma City Thunder,200,0.5
25,East,2/28/2011,2004,11-Jun,Dwight Howard,C,2010-2011,2011,6,Orlando Magic,265,0.5
28,West,2/28/2011,2004,7-Jun,Kevin Martin,SG,2010-2011,2011,6,Houston Rockets,199,0.5
25,East,2/14/2011,2004,11-Jun,Dwight Howard,C,2010-2011,2011,6,Orlando Magic,265,0.5
25,West,2/14/2011,2006,11-Jun,LaMarcus Aldridge,FC,2010-2011,2011,4,Portland Trail Blazers,260,0.5
26,East,2/7/2011,2003,8-Jun,LeBron James,F,2010-2011,2011,7,Miami Heat,250,0.5
22,West,2/7/2011,2007,9-Jun,Kevin Durant,SF,2010-2011,2011,3,Oklahoma City Thunder,240,0.5
26,East,1/31/2011,2003,8-Jun,LeBron James,F,2010-2011,2011,7,Miami Heat,250,0.5
29,West,1/31/2011,2001,9-Jun,Zach Randolph,PF,2010-2011,2011,9,Memphis Grizzlies,260,0.5
25,East,1/24/2011,2004,11-Jun,Dwight Howard,C,2010-2011,2011,6,Orlando Magic,265,0.5
25,West,1/24/2011,2006,11-Jun,LaMarcus Aldridge,FC,2010-2011,2011,4,Portland Trail Blazers,260,0.5
22,East,1/18/2011,2008,3-Jun,Derrick Rose,PG,2010-2011,2011,2,Chicago Bulls,190,0.5
22,West,1/18/2011,2008,3-Jun,Russell Westbrook,G,2010-2011,2011,2,Oklahoma City Thunder,200,0.5
26,East,1/10/2011,2003,8-Jun,LeBron James,F,2010-2011,2011,7,Miami Heat,250,0.5
29,West,1/10/2011,2001,9-Jun,Zach Randolph,PF,2010-2011,2011,9,Memphis Grizzlies,260,0.5
29,East,1/3/2011,2003,4-Jun,Dwyane Wade,SG,2010-2011,2011,7,Miami Heat,220,0.5
34,West,1/3/2011,1997,3-Jun,Chauncey Billups,G,2010-2011,2011,13,Denver Nuggets,210,0.5
26,East,12/27/2010,2003,8-Jun,LeBron James,F,2010-2011,2011,7,Miami Heat,250,0.5
25,West,12/27/2010,2005,3-Jun,Monta Ellis,G,2010-2011,2011,5,Golden State Warriors,185,0.5
33,East,12/20/2010,1998,7-Jun,Paul Pierce,SF,2010-2011,2011,12,Boston Celtics,235,0.5
28,West,12/20/2010,2001,2-Jun,Tony Parker,G,2010-2011,2011,9,San Antonio Spurs,185,0.5
29,East,12/13/2010,2003,4-Jun,Dwyane Wade,SG,2010-2011,2011,7,Miami Heat,220,0.5
32,West,12/13/2010,1998,Jul-00,Dirk Nowitzki,PF,2010-2011,2011,12,Dallas Mavericks,245,0.5
28,East,12/6/2010,2002,10-Jun,Amar'e Stoudemire,FC,2010-2011,2011,8,New York Knicks,245,0.5
22,West,12/6/2010,2008,3-Jun,Russell Westbrook,G,2010-2011,2011,2,Oklahoma City Thunder,200,0.5
25,East,11/29/2010,2004,11-Jun,Dwight Howard,C,2010-2011,2011,6,Orlando Magic,265,0.5
32,West,11/29/2010,1998,Jul-00,Dirk Nowitzki,PF,2010-2011,2011,12,Dallas Mavericks,245,0.5
28,East,11/22/2010,2002,10-Jun,Amar'e Stoudemire,FC,2010-2011,2011,8,New York Knicks,245,0.5
22,West,11/22/2010,2008,3-Jun,Russell Westbrook,G,2010-2011,2011,2,Oklahoma City Thunder,200,0.5
22,East,11/15/2010,2008,3-Jun,Derrick Rose,PG,2010-2011,2011,2,Chicago Bulls,190,0.5
26,West,11/15/2010,2005,3-Jun,Deron Williams,PG,2010-2011,2011,5,Utah Jazz,200,0.5
25,East,11/8/2010,2004,11-Jun,Dwight Howard,C,2010-2011,2011,6,Orlando Magic,265,0.5
25,West,11/8/2010,2005,Jun-00,Chris Paul,PG,2010-2011,2011,5,New Orleans Hornets,175,0.5
25,East,11/1/2010,2006,1-Jun,Rajon Rondo,PG,2010-2011,2011,4,Boston Celtics,186,0.5
30,West,11/1/2010,2001,Jul-00,Pau Gasol,FC,2010-2011,2011,9,Los Angeles Lakers,250,0.5
27,East,4/23/2012,2003,8-Jun,LeBron James,F,2011-2012,2012,8,Miami Heat,250,0.5
27,West,4/23/2012,2004,10-Jun,Al Jefferson,FC,2011-2012,2012,7,Utah Jazz,289,0.5
35,East,4/16/2012,1995,11-Jun,Kevin Garnett,PF,2011-2012,2012,16,Boston Celtics,240,0.5
24,West,4/16/2012,2005,Jul-00,Andrew Bynum,C,2011-2012,2012,6,Los Angeles Lakers,285,0.5
27,East,4/9/2012,2003,8-Jun,LeBron James,F,2011-2012,2012,8,Miami Heat,250,0.5
25,West,4/9/2012,2008,3-Jun,Goran Dragic,G,2011-2012,2012,3,Houston Rockets,190,0.5
34,East,4/2/2012,1998,7-Jun,Paul Pierce,SF,2011-2012,2012,13,Boston Celtics,235,0.5
26,West,4/2/2012,2005,Jun-00,Chris Paul,PG,2011-2012,2012,6,Los Angeles Clippers,175,0.5
30,East,3/26/2012,2001,7-Jun,Joe Johnson,SG,2011-2012,2012,10,Atlanta Hawks,240,0.5
23,West,3/26/2012,2007,9-Jun,Kevin Durant,SF,2011-2012,2012,4,Oklahoma City Thunder,240,0.5
30,East,3/19/2012,2002,10-Jun,Drew Gooden,FC,2011-2012,2012,9,Milwaukee Bucks,250,0.5
24,West,3/19/2012,2005,Jul-00,Andrew Bynum,C,2011-2012,2012,6,Los Angeles Lakers,285,0.5
24,East,3/12/2012,2005,10-Jun,Ersan Ilyasova,F,2011-2012,2012,4,Milwaukee Bucks,235,0.5
26,West,3/12/2012,2005,3-Jun,Monta Ellis,G,2011-2012,2012,6,Golden State Warriors,185,0.5
23,East,3/5/2012,2008,3-Jun,Derrick Rose,PG,2011-2012,2012,3,Chicago Bulls,190,0.5
24,West,3/5/2012,2009,11-May,Ty Lawson,PG,2011-2012,2012,2,Denver Nuggets,195,0.5
27,East,2/20/2012,2003,8-Jun,LeBron James,F,2011-2012,2012,8,Miami Heat,250,0.5
23,West,2/20/2012,2007,9-Jun,Kevin Durant,SF,2011-2012,2012,4,Oklahoma City Thunder,240,0.5
23,East,2/13/2012,2010,3-Jun,Jeremy Lin,G,2011-2012,2012,1,New York Knicks,200,0.5
23,West,2/13/2012,2008,3-Jun,Russell Westbrook,G,2011-2012,2012,3,Oklahoma City Thunder,200,0.5
34,East,2/6/2012,1998,7-Jun,Paul Pierce,SF,2011-2012,2012,13,Boston Celtics,235,0.5
29,West,2/6/2012,2001,2-Jun,Tony Parker,G,2011-2012,2012,10,San Antonio Spurs,185,0.5
27,East,1/30/2012,2003,8-Jun,LeBron James,F,2011-2012,2012,8,Miami Heat,250,0.5
23,West,1/30/2012,2008,3-Jun,Russell Westbrook,G,2011-2012,2012,3,Oklahoma City Thunder,200,0.5
26,East,1/23/2012,2004,11-Jun,Dwight Howard,C,2011-2012,2012,7,Orlando Magic,265,0.5
27,West,1/23/2012,2007,1-Jul,Marc Gasol,C,2011-2012,2012,3,Memphis Grizzlies,255,0.5
23,East,1/16/2012,2008,3-Jun,Derrick Rose,PG,2011-2012,2012,3,Chicago Bulls,190,0.5
33,West,1/16/2012,1996,6-Jun,Kobe Bryant,SG,2011-2012,2012,15,Los Angeles Lakers,212,0.5
27,East,1/9/2012,2003,8-Jun,LeBron James,F,2011-2012,2012,8,Miami Heat,250,0.5
33,West,1/9/2012,1996,6-Jun,Kobe Bryant,SG,2011-2012,2012,15,Los Angeles Lakers,212,0.5
27,East,1/3/2012,2003,8-Jun,LeBron James,F,2011-2012,2012,8,Miami Heat,250,0.5
23,West,1/3/2012,2007,9-Jun,Kevin Durant,SF,2011-2012,2012,4,Oklahoma City Thunder,240,0.5
28,East,4/15/2013,2003,8-Jun,Carmelo Anthony,F,2012-2013,2013,9,New York Knicks,240,0.5
34,West,4/15/2013,1996,6-Jun,Kobe Bryant,SG,2012-2013,2013,16,Los Angeles Lakers,212,0.5
28,East,4/8/2013,2003,8-Jun,Carmelo Anthony,F,2012-2013,2013,9,New York Knicks,240,0.5
27,West,4/8/2013,2008,11-Jun,Nikola Pekovic,PF,2012-2013,2013,2,Minnesota Timberwolves,307,0.5
27,East,4/1/2013,2004,6-Jun,J.R. Smith,SG,2012-2013,2013,8,New York Knicks,225,0.5
28,West,4/1/2013,2004,10-Jun,Al Jefferson,FC,2012-2013,2013,8,Utah Jazz,289,0.5
28,East,3/25/2013,2003,8-Jun,LeBron James,F,2012-2013,2013,9,Miami Heat,250,0.5
23,West,3/25/2013,2009,5-Jun,James Harden,SG,2012-2013,2013,3,Houston Rockets,220,0.5
22,East,3/18/2013,2010,4-Jun,John Wall,PG,2012-2013,2013,2,Washington Wizards,210,0.5
27,West,3/18/2013,2006,11-Jun,LaMarcus Aldridge,FC,2012-2013,2013,6,Portland Trail Blazers,260,0.5
31,East,3/11/2013,2003,4-Jun,Dwyane Wade,SG,2012-2013,2013,9,Miami Heat,220,0.5
34,West,3/11/2013,1996,6-Jun,Kobe Bryant,SG,2012-2013,2013,16,Los Angeles Lakers,212,0.5
27,East,3/4/2013,2005,3-Jun,Monta Ellis,G,2012-2013,2013,7,Milwaukee Bucks,185,0.5
25,West,3/4/2013,2009,11-May,Ty Lawson,PG,2012-2013,2013,3,Denver Nuggets,195,0.5
28,East,2/25/2013,2003,8-Jun,LeBron James,F,2012-2013,2013,9,Miami Heat,250,0.5
34,West,2/25/2013,1996,6-Jun,Kobe Bryant,SG,2012-2013,2013,16,Los Angeles Lakers,212,0.5
28,East,2/11/2013,2003,8-Jun,LeBron James,F,2012-2013,2013,9,Miami Heat,250,0.5
24,West,2/11/2013,2008,3-Jun,Russell Westbrook,G,2012-2013,2013,4,Oklahoma City Thunder,200,0.5
28,East,2/4/2013,2005,9-May,Nate Robinson,G,2012-2013,2013,7,Chicago Bulls,180,0.5
29,West,2/4/2013,2005,9-Jun,David Lee,FC,2012-2013,2013,7,Golden State Warriors,245,0.5
20,East,1/28/2013,2011,3-Jun,Kyrie Irving,G,2012-2013,2013,1,Cleveland Cavaliers,193,0.5
30,West,1/28/2013,2001,2-Jun,Tony Parker,G,2012-2013,2013,11,San Antonio Spurs,185,0.5
31,East,1/21/2013,2002,9-Jun,Carlos Boozer,PF,2012-2013,2013,10,Chicago Bulls,266,0.5
24,West,1/21/2013,2007,9-Jun,Kevin Durant,SF,2012-2013,2013,5,Oklahoma City Thunder,240,0.5
23,East,1/14/2013,2009,1-Jun,Brandon Jennings,G,2012-2013,2013,3,Milwaukee Bucks,170,0.5
24,West,1/14/2013,2007,9-Jun,Kevin Durant,SF,2012-2013,2013,5,Oklahoma City Thunder,240,0.5
28,East,1/7/2013,2003,8-Jun,Carmelo Anthony,F,2012-2013,2013,9,New York Knicks,240,0.5
23,West,1/7/2013,2009,5-Jun,James Harden,SG,2012-2013,2013,3,Houston Rockets,220,0.5
27,East,12/31/2012,2005,3-Jun,Monta Ellis,G,2012-2013,2013,7,Milwaukee Bucks,185,0.5
26,West,12/31/2012,2010,6-Jun,Greivis Vasquez,G,2012-2013,2013,2,New Orleans Hornets,217,0.5
28,East,12/24/2012,2003,8-Jun,LeBron James,F,2012-2013,2013,9,Miami Heat,250,0.5
27,West,12/24/2012,2005,Jun-00,Chris Paul,PG,2012-2013,2013,7,Los Angeles Clippers,175,0.5
22,East,12/17/2012,2010,9-Jun,Paul George,GF,2012-2013,2013,2,Indiana Pacers,220,0.5
29,West,12/17/2012,2005,9-Jun,David Lee,FC,2012-2013,2013,7,Golden State Warriors,245,0.5
27,East,12/10/2012,2004,9-Jun,Josh Smith,PF,2012-2013,2013,8,Atlanta Hawks,225,0.5
23,West,12/10/2012,2009,10-Jun,Blake Griffin,PF,2012-2013,2013,3,Los Angeles Clippers,251,0.5
28,East,12/3/2012,2003,8-Jun,Carmelo Anthony,F,2012-2013,2013,9,New York Knicks,240,0.5
24,West,12/3/2012,2007,9-Jun,Kevin Durant,SF,2012-2013,2013,5,Oklahoma City Thunder,240,0.5
26,East,11/26/2012,2007,10-Jun,Al Horford,FC,2012-2013,2013,5,Atlanta Hawks,245,0.5
36,West,11/26/2012,1997,11-Jun,Tim Duncan,FC,2012-2013,2013,15,San Antonio Spurs,250,0.5
28,East,11/19/2012,2003,8-Jun,LeBron James,F,2012-2013,2013,9,Miami Heat,250,0.5
24,West,11/19/2012,2007,9-Jun,Kevin Durant,SF,2012-2013,2013,5,Oklahoma City Thunder,240,0.5
28,East,11/12/2012,2003,8-Jun,LeBron James,F,2012-2013,2013,9,Miami Heat,250,0.5
23,West,11/12/2012,2011,8-Jun,Kenneth Faried,F,2012-2013,2013,1,Denver Nuggets,228,0.5
23,East,11/5/2012,2009,1-Jun,Brandon Jennings,G,2012-2013,2013,3,Milwaukee Bucks,170,0.5
23,West,11/5/2012,2009,5-Jun,James Harden,SG,2012-2013,2013,3,Houston Rockets,220,0.5
25,East,4/14/2014,2009,2-Jun,Jeff Teague,PG,2013-2014,2014,4,Atlanta Hawks,186,0.5
28,West,4/14/2014,2005,3-Jun,Monta Ellis,G,2013-2014,2014,8,Dallas Mavericks,185,0.5
29,East,4/7/2014,2004,10-Jun,Al Jefferson,FC,2013-2014,2014,9,Charlotte Bobcats,289,0.5
35,West,4/7/2014,1998,Jul-00,Dirk Nowitzki,PF,2013-2014,2014,15,Dallas Mavericks,245,0.5
23,East,3/31/2014,2011,Jul-00,Nikola Vucevic,PF,2013-2014,2014,2,Orlando Magic,260,0.5
37,West,3/31/2014,1997,11-Jun,Tim Duncan,FC,2013-2014,2014,16,San Antonio Spurs,250,0.5
32,East,3/24/2014,2001,7-Jun,Joe Johnson,SG,2013-2014,2014,12,Brooklyn Nets,240,0.5
25,West,3/24/2014,2007,9-Jun,Kevin Durant,SF,2013-2014,2014,6,Oklahoma City Thunder,240,0.5
29,East,3/17/2014,2004,10-Jun,Al Jefferson,FC,2013-2014,2014,9,Charlotte Bobcats,289,0.5
24,West,3/17/2014,2009,10-Jun,Blake Griffin,PF,2013-2014,2014,4,Los Angeles Clippers,251,0.5
29,East,3/10/2014,2003,8-Jun,Carmelo Anthony,F,2013-2014,2014,10,New York Knicks,240,0.5
24,West,3/10/2014,2009,5-Jun,James Harden,SG,2013-2014,2014,4,Houston Rockets,220,0.5
23,East,3/3/2014,2010,4-Jun,John Wall,PG,2013-2014,2014,3,Washington Wizards,210,0.5
24,West,3/3/2014,2009,5-Jun,James Harden,SG,2013-2014,2014,4,Houston Rockets,220,0.5
23,East,2/24/2014,2011,1-Jun,Kemba Walker,G,2013-2014,2014,2,Charlotte Bobcats,184,0.5
25,West,2/24/2014,2008,10-Jun,Kevin Love,FC,2013-2014,2014,5,Minnesota Timberwolves,251,0.5
21,East,2/10/2014,2012,9-Jun,Jared Sullinger,C,2013-2014,2014,1,Boston Celtics,260,0.5
25,West,2/10/2014,2007,9-Jun,Kevin Durant,SF,2013-2014,2014,6,Oklahoma City Thunder,240,0.5
27,East,2/3/2014,2006,1-Jun,Kyle Lowry,PG,2013-2014,2014,7,Toronto Raptors,196,0.5
27,West,2/3/2014,2008,3-Jun,Goran Dragic,G,2013-2014,2014,5,Phoenix Suns,190,0.5
29,East,1/27/2014,2006,8-Jun,Paul Millsap,FC,2013-2014,2014,7,Atlanta Hawks,246,0.5
25,West,1/27/2014,2007,9-Jun,Kevin Durant,SF,2013-2014,2014,6,Oklahoma City Thunder,240,0.5
23,East,1/20/2014,2010,9-Jun,Paul George,GF,2013-2014,2014,3,Indiana Pacers,220,0.5
25,West,1/20/2014,2007,9-Jun,Kevin Durant,SF,2013-2014,2014,6,Oklahoma City Thunder,240,0.5
29,East,1/13/2014,2003,8-Jun,Carmelo Anthony,F,2013-2014,2014,10,New York Knicks,240,0.5
23,West,1/13/2014,2010,11-Jun,DeMarcus Cousins,C,2013-2014,2014,3,Sacramento Kings,270,0.5
25,East,1/6/2014,2007,8-Jun,Thaddeus Young,F,2013-2014,2014,6,Philadelphia Sixers,221,0.5
30,West,1/6/2014,2005,9-Jun,David Lee,FC,2013-2014,2014,8,Golden State Warriors,245,0.5
29,East,12/30/2013,2003,11-Jun,Chris Bosh,PF,2013-2014,2014,10,Miami Heat,235,0.5
25,West,12/30/2013,2007,9-Jun,Kevin Durant,SF,2013-2014,2014,6,Oklahoma City Thunder,240,0.5
32,East,12/23/2013,2003,4-Jun,Dwyane Wade,SG,2013-2014,2014,10,Miami Heat,220,0.5
24,West,12/23/2013,2009,10-Jun,Blake Griffin,PF,2013-2014,2014,4,Los Angeles Clippers,251,0.5
21,East,12/16/2013,2011,3-Jun,Kyrie Irving,G,2013-2014,2014,2,Cleveland Cavaliers,193,0.5
28,West,12/16/2013,2006,11-Jun,LaMarcus Aldridge,FC,2013-2014,2014,7,Portland Trail Blazers,260,0.5
25,East,12/9/2013,2010,5-Jun,Jordan Crawford,G,2013-2014,2014,3,Boston Celtics,195,0.5
28,West,12/9/2013,2006,11-Jun,LaMarcus Aldridge,FC,2013-2014,2014,7,Portland Trail Blazers,260,0.5
29,East,12/2/2013,2003,8-Jun,LeBron James,F,2013-2014,2014,10,Miami Heat,250,0.5
25,West,12/2/2013,2007,9-Jun,Kevin Durant,SF,2013-2014,2014,6,Oklahoma City Thunder,240,0.5
23,East,11/25/2013,2010,4-Jun,John Wall,PG,2013-2014,2014,3,Washington Wizards,210,0.5
28,West,11/25/2013,2006,11-Jun,LaMarcus Aldridge,FC,2013-2014,2014,7,Portland Trail Blazers,260,0.5
29,East,11/18/2013,2003,8-Jun,LeBron James,F,2013-2014,2014,10,Miami Heat,250,0.5
24,West,11/18/2013,2009,10-Jun,Blake Griffin,PF,2013-2014,2014,4,Los Angeles Clippers,251,0.5
23,East,11/11/2013,2010,9-Jun,Paul George,GF,2013-2014,2014,3,Indiana Pacers,220,0.5
24,West,11/11/2013,2011,10-Jun,Markieff Morris,PF,2013-2014,2014,2,Phoenix Suns,245,0.5
22,East,11/4/2013,2013,6-Jun,Michael Carter-Williams,PG,2013-2014,2014,0,Philadelphia Sixers,190,0.5
25,West,11/4/2013,2008,10-Jun,Kevin Love,FC,2013-2014,2014,5,Minnesota Timberwolves,251,0.5
26,East,4/13/2015,2011,9-May,Isaiah Thomas,PG,2014-2015,2015,3,Boston Celtics,185,0.5
38,West,4/13/2015,1997,11-Jun,Tim Duncan,FC,2014-2015,2015,17,San Antonio Spurs,250,0.5
26,East,4/6/2015,2008,Jul-00,Brook Lopez,C,2014-2015,2015,6,Brooklyn Nets,268,0.5
25,West,4/6/2015,2009,5-Jun,James Harden,SG,2014-2015,2015,5,Houston Rockets,220,0.5
26,East,3/30/2015,2008,Jul-00,Brook Lopez,C,2014-2015,2015,6,Brooklyn Nets,268,0.5
26,West,3/30/2015,2009,3-Jun,Stephen Curry,G,2014-2015,2015,5,Golden State Warriors,190,0.5
33,East,3/23/2015,2003,4-Jun,Dwyane Wade,SG,2014-2015,2015,11,Miami Heat,220,0.5
29,West,3/23/2015,2005,Jun-00,Chris Paul,PG,2014-2015,2015,9,Los Angeles Clippers,175,0.5
22,East,3/16/2015,2011,3-Jun,Kyrie Irving,G,2014-2015,2015,3,Cleveland Cavaliers,193,0.5
21,West,3/16/2015,2012,10-Jun,Anthony Davis,PF,2014-2015,2015,2,New Orleans Pelicans,253,0.5
32,East,3/9/2015,2003,1-Jun,Mo Williams,G,2014-2015,2015,11,Charlotte Hornets,198,0.5
26,West,3/9/2015,2008,3-Jun,Russell Westbrook,G,2014-2015,2015,6,Oklahoma City Thunder,200,0.5
26,East,3/2/2015,2011,9-May,Isaiah Thomas,PG,2014-2015,2015,3,Boston Celtics,185,0.5
24,West,3/2/2015,2012,3-Jun,Damian Lillard,G,2014-2015,2015,2,Portland Trail Blazers,195,0.5
20,East,2/9/2015,2013,11-Jun,Giannis Antetokounmpo,F,2014-2015,2015,1,Milwaukee Bucks,222,0.5
26,West,2/9/2015,2008,3-Jun,Russell Westbrook,G,2014-2015,2015,6,Oklahoma City Thunder,200,0.5
22,East,2/2/2015,2011,3-Jun,Kyrie Irving,G,2014-2015,2015,3,Cleveland Cavaliers,193,0.5
33,West,2/2/2015,2001,9-Jun,Zach Randolph,PF,2014-2015,2015,13,Memphis Grizzlies,260,0.5
30,East,1/26/2015,2003,8-Jun,LeBron James,F,2014-2015,2015,11,Cleveland Cavaliers,250,0.5
25,West,1/26/2015,2011,7-Jun,Klay Thompson,G,2014-2015,2015,3,Golden State Warriors,215,0.5
28,East,1/19/2015,2007,10-Jun,Al Horford,FC,2014-2015,2015,7,Atlanta Hawks,245,0.5
32,West,1/19/2015,2003,1-Jun,Mo Williams,G,2014-2015,2015,11,Minnesota Timberwolves,198,0.5
24,East,1/12/2015,2011,1-Jun,Kemba Walker,G,2014-2015,2015,3,Charlotte Hornets,184,0.5
25,West,1/12/2015,2011,7-Jun,Klay Thompson,G,2014-2015,2015,3,Golden State Warriors,215,0.5
26,East,1/5/2015,2009,2-Jun,Jeff Teague,PG,2014-2015,2015,5,Atlanta Hawks,186,0.5
26,West,1/5/2015,2007,9-Jun,Kevin Durant,SF,2014-2015,2015,7,Oklahoma City Thunder,240,0.5
25,East,12/29/2014,2011,7-Jun,Jimmy Butler,GF,2014-2015,2015,3,Chicago Bulls,231,0.5
25,West,12/29/2014,2009,5-Jun,James Harden,SG,2014-2015,2015,5,Houston Rockets,220,0.5
28,East,12/22/2014,2007,10-Jun,Al Horford,FC,2014-2015,2015,7,Atlanta Hawks,245,0.5
29,West,12/22/2014,2006,11-Jun,LaMarcus Aldridge,FC,2014-2015,2015,8,Portland Trail Blazers,260,0.5
24,East,12/15/2014,2010,4-Jun,John Wall,PG,2014-2015,2015,4,Washington Wizards,210,0.5
25,West,12/15/2014,2009,5-Jun,James Harden,SG,2014-2015,2015,5,Houston Rockets,220,0.5
28,East,12/8/2014,2006,1-Jun,Kyle Lowry,PG,2014-2015,2015,8,Toronto Raptors,196,0.5
29,West,12/8/2014,2006,11-Jun,LaMarcus Aldridge,FC,2014-2015,2015,8,Portland Trail Blazers,260,0.5
30,East,12/1/2014,2003,8-Jun,LeBron James,F,2014-2015,2015,11,Cleveland Cavaliers,250,0.5
25,West,12/1/2014,2009,10-Jun,Blake Griffin,PF,2014-2015,2015,5,Los Angeles Clippers,251,0.5
28,East,11/24/2014,2005,1-Jun,Lou Williams,G,2014-2015,2015,9,Toronto Raptors,175,0.5
24,West,11/24/2014,2010,11-Jun,DeMarcus Cousins,C,2014-2015,2015,4,Sacramento Kings,270,0.5
30,East,11/17/2014,2003,8-Jun,LeBron James,F,2014-2015,2015,11,Cleveland Cavaliers,250,0.5
24,West,11/17/2014,2012,3-Jun,Damian Lillard,G,2014-2015,2015,2,Portland Trail Blazers,195,0.5
30,East,11/10/2014,2005,3-Jun,Deron Williams,PG,2014-2015,2015,9,Brooklyn Nets,200,0.5
26,West,11/10/2014,2009,3-Jun,Stephen Curry,G,2014-2015,2015,5,Golden State Warriors,190,0.5
30,East,11/3/2014,2003,11-Jun,Chris Bosh,PF,2014-2015,2015,11,Miami Heat,235,0.5
25,West,11/3/2014,2011,7-Jun,Klay Thompson,G,2014-2015,2015,3,Golden State Warriors,215,0.5
31,East,4/11/2016,2006,8-Jun,Paul Millsap,FC,2015-2016,2016,9,Atlanta Hawks,246,0.5
20,West,4/11/2016,2015,Jul-00,Karl-Anthony Towns,C,2015-2016,2016,0,Minnesota Timberwolves,244,0.5
31,East,4/4/2016,2003,8-Jun,LeBron James,F,2015-2016,2016,12,Cleveland Cavaliers,250,0.5
31,West,4/4/2016,2006,Jun-00,J.J. Barea,G,2015-2016,2016,9,Dallas Mavericks,185,0.5
31,East,3/28/2016,2003,8-Jun,LeBron James,F,2015-2016,2016,12,Cleveland Cavaliers,250,0.5
26,West,3/28/2016,2011,7-Jun,Klay Thompson,G,2015-2016,2016,4,Golden State Warriors,215,0.5
29,East,3/21/2016,2006,1-Jun,Kyle Lowry,PG,2015-2016,2016,9,Toronto Raptors,196,0.5
27,West,3/21/2016,2007,9-Jun,Kevin Durant,SF,2015-2016,2016,8,Oklahoma City Thunder,240,0.5
25,East,3/14/2016,2011,1-Jun,Kemba Walker,G,2015-2016,2016,4,Charlotte Hornets,184,0.5
27,West,3/14/2016,2009,3-Jun,Stephen Curry,G,2015-2016,2016,6,Golden State Warriors,190,0.5
31,East,3/7/2016,2003,8-Jun,LeBron James,F,2015-2016,2016,12,Cleveland Cavaliers,250,0.5
24,West,3/7/2016,2011,7-Jun,Kawhi Leonard,F,2015-2016,2016,4,San Antonio Spurs,230,0.5
29,East,2/29/2016,2006,1-Jun,Kyle Lowry,PG,2015-2016,2016,9,Toronto Raptors,196,0.5
27,West,2/29/2016,2009,3-Jun,Stephen Curry,G,2015-2016,2016,6,Golden State Warriors,190,0.5
27,East,2/8/2016,2011,9-May,Isaiah Thomas,PG,2015-2016,2016,4,Boston Celtics,185,0.5
30,West,2/8/2016,2006,11-Jun,LaMarcus Aldridge,FC,2015-2016,2016,9,San Antonio Spurs,260,0.5
34,East,2/1/2016,2003,4-Jun,Dwyane Wade,SG,2015-2016,2016,12,Miami Heat,220,0.5
27,West,2/1/2016,2007,9-Jun,Kevin Durant,SF,2015-2016,2016,8,Oklahoma City Thunder,240,0.5
25,East,1/25/2016,2011,1-Jun,Kemba Walker,G,2015-2016,2016,4,Charlotte Hornets,184,0.5
25,West,1/25/2016,2010,11-Jun,DeMarcus Cousins,C,2015-2016,2016,5,Sacramento Kings,270,0.5
25,East,1/18/2016,2010,4-Jun,John Wall,PG,2015-2016,2016,5,Washington Wizards,210,0.5
27,West,1/18/2016,2007,9-Jun,Kevin Durant,SF,2015-2016,2016,8,Oklahoma City Thunder,240,0.5
31,East,1/11/2016,2003,8-Jun,LeBron James,F,2015-2016,2016,12,Cleveland Cavaliers,250,0.5
30,West,1/11/2016,2005,Jun-00,Chris Paul,PG,2015-2016,2016,10,Los Angeles Clippers,175,0.5
27,East,1/4/2016,2008,Jul-00,Brook Lopez,C,2015-2016,2016,7,Brooklyn Nets,268,0.5
25,West,1/4/2016,2012,7-Jun,Draymond Green,F,2015-2016,2016,3,Golden State Warriors,230,0.5
32,East,12/28/2015,2005,11-Jun,Marcin Gortat,FC,2015-2016,2016,8,Washington Wizards,240,0.5
27,West,12/28/2015,2008,3-Jun,Russell Westbrook,G,2015-2016,2016,7,Oklahoma City Thunder,200,0.5
25,East,12/21/2015,2011,3-Jun,Reggie Jackson,G,2015-2016,2016,4,Detroit Pistons,208,0.5
24,West,12/21/2015,2011,7-Jun,Kawhi Leonard,F,2015-2016,2016,4,San Antonio Spurs,230,0.5
26,East,12/14/2015,2009,7-Jun,DeMar DeRozan,GF,2015-2016,2016,6,Toronto Raptors,221,0.5
27,West,12/14/2015,2007,9-Jun,Kevin Durant,SF,2015-2016,2016,8,Oklahoma City Thunder,240,0.5
25,East,12/7/2015,2011,3-Jun,Reggie Jackson,G,2015-2016,2016,4,Detroit Pistons,208,0.5
27,West,12/7/2015,2009,3-Jun,Stephen Curry,G,2015-2016,2016,6,Golden State Warriors,190,0.5
25,East,11/30/2015,2010,9-Jun,Paul George,GF,2015-2016,2016,5,Indiana Pacers,220,0.5
27,West,11/30/2015,2007,9-Jun,Kevin Durant,SF,2015-2016,2016,8,Oklahoma City Thunder,240,0.5
31,East,11/23/2015,2003,8-Jun,LeBron James,F,2015-2016,2016,12,Cleveland Cavaliers,250,0.5
27,West,11/23/2015,2009,3-Jun,Stephen Curry,G,2015-2016,2016,6,Golden State Warriors,190,0.5
27,East,11/16/2015,2008,8-Jun,Nicolas Batum,F,2015-2016,2016,7,Charlotte Hornets,200,0.5
25,West,11/16/2015,2010,11-Jun,DeMarcus Cousins,C,2015-2016,2016,5,Sacramento Kings,270,0.5
22,East,11/9/2015,2012,11-Jun,Andre Drummond,C,2015-2016,2016,3,Detroit Pistons,279,0.5
26,West,11/9/2015,2009,5-Jun,James Harden,SG,2015-2016,2016,6,Houston Rockets,220,0.5
22,East,11/2/2015,2012,11-Jun,Andre Drummond,C,2015-2016,2016,3,Detroit Pistons,279,0.5
27,West,11/2/2015,2009,3-Jun,Stephen Curry,G,2015-2016,2016,6,Golden State Warriors,190,0.5
26,East,4/10/2017,2010,206cm,Paul George,GF,2016-2017,2017,6,Indiana Pacers,100kg,0.5
28,West,4/10/2017,2008,191cm,Russell Westbrook,G,2016-2017,2017,8,Oklahoma City Thunder,91kg,0.5
27,East,4/3/2017,2011,201cm,Jimmy Butler,GF,2016-2017,2017,5,Chicago Bulls,105kg,0.5
28,West,4/3/2017,2009,191cm,Stephen Curry,G,2016-2017,2017,7,Golden State Warriors,86kg,0.5
27,East,3/27/2017,2009,201cm,DeMar DeRozan,GF,2016-2017,2017,7,Toronto Raptors,100kg,0.5
27,West,3/27/2017,2009,196cm,James Harden,SG,2016-2017,2017,7,Houston Rockets,100kg,0.5
27,East,3/20/2017,2010,213cm,Hassan Whiteside,C,2016-2017,2017,4,Miami Heat,120kg,0.5
26,West,3/20/2017,2012,191cm,Damian Lillard,G,2016-2017,2017,4,Portland Trail Blazers,88kg,0.5
26,East,3/13/2017,2010,193cm,John Wall,PG,2016-2017,2017,6,Washington Wizards,95kg,0.5
21,West,3/13/2017,2015,213cm,Karl-Anthony Towns,C,2016-2017,2017,1,Minnesota Timberwolves,111kg,0.5
26,East,3/6/2017,2011,185cm,Kemba Walker,G,2016-2017,2017,5,Charlotte Hornets,83kg,0.5
25,West,3/6/2017,2011,201cm,Kawhi Leonard,F,2016-2017,2017,5,San Antonio Spurs,104kg,0.5
32,East,2/13/2017,2003,203cm,LeBron James,F,2016-2017,2017,13,Cleveland Cavaliers,113kg,0.5
27,West,2/13/2017,2009,208cm,Blake Griffin,PF,2016-2017,2017,7,Los Angeles Clippers,114kg,0.5
28,East,2/6/2017,2011,175cm,Isaiah Thomas,PG,2016-2017,2017,5,Boston Celtics,84kg,0.5
28,West,2/6/2017,2009,191cm,Stephen Curry,G,2016-2017,2017,7,Golden State Warriors,86kg,0.5
25,East,1/30/2017,2012,193cm,Dion Waiters,SG,2016-2017,2017,4,Miami Heat,100kg,0.5
26,West,1/30/2017,2010,211cm,DeMarcus Cousins,C,2016-2017,2017,6,Sacramento Kings,122kg,0.5
22,East,1/23/2017,2014,213cm,Joel Embiid,C,2016-2017,2017,2,Philadelphia Sixers,113kg,0.5
25,West,1/23/2017,2011,201cm,Kawhi Leonard,F,2016-2017,2017,5,San Antonio Spurs,104kg,0.5
27,East,1/16/2017,2009,201cm,DeMar DeRozan,GF,2016-2017,2017,7,Toronto Raptors,100kg,0.5
26,West,1/16/2017,2010,203cm,Gordon Hayward,GF,2016-2017,2017,6,Utah Jazz,102kg,0.5
27,East,1/9/2017,2011,201cm,Jimmy Butler,GF,2016-2017,2017,5,Chicago Bulls,105kg,0.5
28,West,1/9/2017,2009,191cm,Stephen Curry,G,2016-2017,2017,7,Golden State Warriors,86kg,0.5
26,East,1/2/2017,2010,193cm,John Wall,PG,2016-2017,2017,6,Washington Wizards,95kg,0.5
27,West,1/2/2017,2009,196cm,James Harden,SG,2016-2017,2017,7,Houston Rockets,100kg,0.5
28,East,12/26/2016,2011,175cm,Isaiah Thomas,PG,2016-2017,2017,5,Boston Celtics,84kg,0.5
28,West,12/26/2016,2008,191cm,Russell Westbrook,G,2016-2017,2017,8,Oklahoma City Thunder,91kg,0.5
27,East,12/19/2016,2009,201cm,DeMar DeRozan,GF,2016-2017,2017,7,Toronto Raptors,100kg,0.5
27,West,12/19/2016,2009,196cm,James Harden,SG,2016-2017,2017,7,Houston Rockets,100kg,0.5
32,East,12/12/2016,2003,203cm,LeBron James,F,2016-2017,2017,13,Cleveland Cavaliers,113kg,0.5
32,West,12/12/2016,2007,216cm,Marc Gasol,C,2016-2017,2017,8,Memphis Grizzlies,116kg,0.5
22,East,12/5/2016,2013,211cm,Giannis Antetokounmpo,F,2016-2017,2017,3,Milwaukee Bucks,101kg,0.5
28,West,12/5/2016,2008,191cm,Russell Westbrook,G,2016-2017,2017,8,Oklahoma City Thunder,91kg,0.5
28,East,11/28/2016,2008,208cm,Kevin Love,FC,2016-2017,2017,8,Cleveland Cavaliers,114kg,0.5
28,West,11/28/2016,2007,206cm,Kevin Durant,SF,2016-2017,2017,9,Golden State Warriors,109kg,0.5
27,East,11/21/2016,2011,201cm,Jimmy Butler,GF,2016-2017,2017,5,Chicago Bulls,105kg,0.5
23,West,11/21/2016,2012,208cm,Anthony Davis,PF,2016-2017,2017,4,New Orleans Pelicans,115kg,0.5
27,East,11/14/2016,2009,201cm,DeMar DeRozan,GF,2016-2017,2017,7,Toronto Raptors,100kg,0.5
27,West,11/14/2016,2009,196cm,James Harden,SG,2016-2017,2017,7,Houston Rockets,100kg,0.5
32,East,11/7/2016,2003,203cm,LeBron James,F,2016-2017,2017,13,Cleveland Cavaliers,113kg,0.5
30,West,11/7/2016,2008,191cm,George Hill,G,2016-2017,2017,8,Utah Jazz,85kg,0.5
32,East,10/31/2016,2003,203cm,LeBron James,F,2016-2017,2017,13,Cleveland Cavaliers,113kg,0.5
28,West,10/31/2016,2008,191cm,Russell Westbrook,G,2016-2017,2017,8,Oklahoma City Thunder,91kg,0.5
21,East,4/9/2018,2016,208cm,Ben Simmons,PF,2017-2018,2018,1,Philadelphia Sixers,104kg,0.5
23,West,4/9/2018,2014,208cm,Nikola Jokic,C,2017-2018,2018,2,Denver Nuggets,113kg,0.5
25,East,4/2/2018,2013,193cm,Victor Oladipo,G,2017-2018,2018,4,Indiana Pacers,95kg,0.5
27,West,4/2/2018,2012,191cm,Damian Lillard,G,2017-2018,2018,5,Portland Trail Blazers,88kg,0.5
33,East,3/26/2018,2003,203cm,LeBron James,F,2017-2018,2018,14,Cleveland Cavaliers,113kg,0.5
32,West,3/26/2018,2006,211cm,LaMarcus Aldridge,FC,2017-2018,2018,11,San Antonio Spurs,118kg,0.5
33,East,3/19/2018,2003,203cm,LeBron James,F,2017-2018,2018,14,Cleveland Cavaliers,113kg,0.5
29,West,3/19/2018,2008,191cm,Russell Westbrook,G,2017-2018,2018,9,Oklahoma City Thunder,91kg,0.5
28,East,3/12/2018,2009,201cm,DeMar DeRozan,GF,2017-2018,2018,8,Toronto Raptors,100kg,0.5
27,West,3/12/2018,2012,191cm,Damian Lillard,G,2017-2018,2018,5,Portland Trail Blazers,88kg,0.5
28,East,3/5/2018,2009,201cm,DeMar DeRozan,GF,2017-2018,2018,8,Toronto Raptors,100kg,0.5
24,West,3/5/2018,2012,208cm,Anthony Davis,PF,2017-2018,2018,5,New Orleans Pelicans,115kg,0.5
23,East,2/12/2018,2014,213cm,Joel Embiid,C,2017-2018,2018,3,Philadelphia Sixers,113kg,0.5
28,West,2/12/2018,2009,196cm,James Harden,SG,2017-2018,2018,8,Houston Rockets,100kg,0.5
24,East,2/5/2018,2012,211cm,Andre Drummond,C,2017-2018,2018,5,Detroit Pistons,127kg,0.5
28,West,2/5/2018,2009,196cm,James Harden,SG,2017-2018,2018,8,Houston Rockets,100kg,0.5
26,East,1/29/2018,2012,203cm,Khris Middleton,SF,2017-2018,2018,5,Milwaukee Bucks,106kg,0.5
29,West,1/29/2018,2009,191cm,Stephen Curry,G,2017-2018,2018,8,Golden State Warriors,86kg,0.5
23,East,1/22/2018,2014,213cm,Joel Embiid,C,2017-2018,2018,3,Philadelphia Sixers,113kg,0.5
27,West,1/22/2018,2012,191cm,Damian Lillard,G,2017-2018,2018,5,Portland Trail Blazers,88kg,0.5
31,East,1/15/2018,2008,191cm,Goran Dragic,G,2017-2018,2018,9,Miami Heat,86kg,0.5
31,West,1/15/2018,2005,185cm,Lou Williams,G,2017-2018,2018,12,Los Angeles Clippers,79kg,0.5
28,East,1/8/2018,2009,201cm,DeMar DeRozan,GF,2017-2018,2018,8,Toronto Raptors,100kg,0.5
29,West,1/8/2018,2009,191cm,Stephen Curry,G,2017-2018,2018,8,Golden State Warriors,86kg,0.5
24,East,1/2/2018,2012,196cm,Bradley Beal,SG,2017-2018,2018,5,Washington Wizards,94kg,0.5
31,West,1/2/2018,2005,185cm,Lou Williams,G,2017-2018,2018,12,Los Angeles Clippers,79kg,0.5
28,East,12/26/2017,2009,201cm,DeMar DeRozan,GF,2017-2018,2018,8,Toronto Raptors,100kg,0.5
29,West,12/26/2017,2008,191cm,Russell Westbrook,G,2017-2018,2018,9,Oklahoma City Thunder,91kg,0.5
33,East,12/18/2017,2003,203cm,LeBron James,F,2017-2018,2018,14,Cleveland Cavaliers,113kg,0.5
32,West,12/18/2017,2005,183cm,Chris Paul,PG,2017-2018,2018,12,Houston Rockets,79kg,0.5
25,East,12/11/2017,2013,193cm,Victor Oladipo,G,2017-2018,2018,4,Indiana Pacers,95kg,0.5
29,West,12/11/2017,2007,206cm,Kevin Durant,SF,2017-2018,2018,10,Golden State Warriors,109kg,0.5
33,East,12/4/2017,2003,203cm,LeBron James,F,2017-2018,2018,14,Cleveland Cavaliers,113kg,0.5
28,West,12/4/2017,2009,196cm,James Harden,SG,2017-2018,2018,8,Houston Rockets,100kg,0.5
31,East,11/27/2017,2008,191cm,Goran Dragic,G,2017-2018,2018,9,Miami Heat,86kg,0.5
24,West,11/27/2017,2012,208cm,Anthony Davis,PF,2017-2018,2018,5,New Orleans Pelicans,115kg,0.5
28,East,11/20/2017,2009,201cm,DeMar DeRozan,GF,2017-2018,2018,8,Toronto Raptors,100kg,0.5
22,West,11/20/2017,2015,213cm,Karl-Anthony Towns,C,2017-2018,2018,2,Minnesota Timberwolves,111kg,0.5
25,East,11/13/2017,2011,206cm,Tobias Harris,F,2017-2018,2018,6,Detroit Pistons,107kg,0.5
23,West,11/13/2017,2014,208cm,Nikola Jokic,C,2017-2018,2018,2,Denver Nuggets,113kg,0.5
22,East,11/6/2017,2015,221cm,Kristaps Porzingis,FC,2017-2018,2018,2,New York Knicks,109kg,0.5
28,West,11/6/2017,2009,196cm,James Harden,SG,2017-2018,2018,8,Houston Rockets,100kg,0.5
25,East,10/30/2017,2013,193cm,Victor Oladipo,G,2017-2018,2018,4,Indiana Pacers,95kg,0.5
27,West,10/30/2017,2010,211cm,DeMarcus Cousins,C,2017-2018,2018,7,New Orleans Pelicans,122kg,0.5
23,East,10/23/2017,2013,211cm,Giannis Antetokounmpo,F,2017-2018,2018,4,Milwaukee Bucks,101kg,0.5
28,West,10/23/2017,2009,196cm,James Harden,SG,2017-2018,2018,8,Houston Rockets,100kg,0.5
